[
  {
    "역명": "하양",
    "주소": "경상북도 경산시 하양읍 하양역길 1",
    "1년": 1793,
    "2년": 1158,
    "3년": 1634,
    "4년": 1756,
    "평균": 1516,
    "위도": 35.9100700093686,
    "경도": 128.81836879295,
    "지점번호": 281,
    "지점명": "영천",
    "노선": "대구도시철도 1호선"
  },
  {
    "역명": "부호",
    "주소": "경상북도 경산시 하양읍 대경로 528 (부호리)",
    "1년": 1572,
    "2년": 1572,
    "3년": 1572,
    "4년": 1572,
    "평균": 1572,
    "위도": 35.9001837673514,
    "경도": 128.803172477123,
    "지점번호": 143,
    "지점명": "대구",
    "노선": "대구도시철도 1호선"
  },
  {
    "역명": "대구한의대병원",
    "주소": "대구광역시 동구 안심로 610 (사복동)",
    "1년": 1790,
    "2년": 1790,
    "3년": 1790,
    "4년": 1790,
    "평균": 1790,
    "위도": 35.8719502592878,
    "경도": 128.750650836014,
    "지점번호": 143,
    "지점명": "대구",
    "노선": "대구도시철도 1호선"
  },
  {
    "역명": "안심",
    "주소": "대구광역시 동구 안심로 지하455 (괴전동)",
    "1년": 12131,
    "2년": 12272,
    "3년": 11697,
    "4년": 10113,
    "평균": 11553,
    "위도": 35.8712803753692,
    "경도": 128.733772871365,
    "지점번호": 143,
    "지점명": "대구",
    "노선": "대구도시철도 1호선"
  },
  {
    "역명": "각산",
    "주소": "대구광역시 동구 안심로 지하363 (신서동)",
    "1년": 7910,
    "2년": 7769,
    "3년": 7432,
    "4년": 6795,
    "평균": 7476,
    "위도": 35.8680021651868,
    "경도": 128.724165388395,
    "지점번호": 143,
    "지점명": "대구",
    "노선": "대구도시철도 1호선"
  },
  {
    "역명": "반야월",
    "주소": "대구광역시 동구 안심로 지하261 (동호동)",
    "1년": 5147,
    "2년": 4954,
    "3년": 4602,
    "4년": 4215,
    "평균": 4730,
    "위도": 35.8659888735073,
    "경도": 128.713656558767,
    "지점번호": 143,
    "지점명": "대구",
    "노선": "대구도시철도 1호선"
  },
  {
    "역명": "신기(대구)",
    "주소": "대구광역시 동구 안심로 지하159 (율하동)",
    "1년": 7281,
    "2년": 7412,
    "3년": 7084,
    "4년": 6591,
    "평균": 7092,
    "위도": 35.8667008193255,
    "경도": 128.702475235316,
    "지점번호": 143,
    "지점명": "대구",
    "노선": "대구도시철도 1호선"
  },
  {
    "역명": "율하",
    "주소": "대구광역시 동구 안심로 지하57 (율하동)",
    "1년": 8200,
    "2년": 8285,
    "3년": 7990,
    "4년": 7400,
    "평균": 7969,
    "위도": 35.8697780719486,
    "경도": 128.692779243132,
    "지점번호": 143,
    "지점명": "대구",
    "노선": "대구도시철도 1호선"
  },
  {
    "역명": "용계",
    "주소": "대구광역시 동구 동촌로 지하383 (용계동)",
    "1년": 3847,
    "2년": 3686,
    "3년": 3430,
    "4년": 3266,
    "평균": 3557,
    "위도": 35.8762453850392,
    "경도": 128.681644193766,
    "지점번호": 143,
    "지점명": "대구",
    "노선": "대구도시철도 1호선"
  },
  {
    "역명": "방촌",
    "주소": "대구광역시 동구 동촌로 지하275 (방촌동)",
    "1년": 6431,
    "2년": 6560,
    "3년": 6117,
    "4년": 5417,
    "평균": 6131,
    "위도": 35.8796374696144,
    "경도": 128.67012075056,
    "지점번호": 143,
    "지점명": "대구",
    "노선": "대구도시철도 1호선"
  },
  {
    "역명": "해안",
    "주소": "대구광역시 동구 동촌로 지하167 (방촌동)",
    "1년": 4703,
    "2년": 4628,
    "3년": 4465,
    "4년": 4224,
    "평균": 4505,
    "위도": 35.88350285674,
    "경도": 128.659918132912,
    "지점번호": 143,
    "지점명": "대구",
    "노선": "대구도시철도 1호선"
  },
  {
    "역명": "동촌",
    "주소": "대구광역시 동구 해동로 지하197 (검사동)",
    "1년": 4333,
    "2년": 4319,
    "3년": 4188,
    "4년": 3838,
    "평균": 4170,
    "위도": 35.8859617817579,
    "경도": 128.650457826797,
    "지점번호": 143,
    "지점명": "대구",
    "노선": "대구도시철도 1호선"
  },
  {
    "역명": "아양교",
    "주소": "대구광역시 동구 아양로 지하245 (신암동)",
    "1년": 8953,
    "2년": 9218,
    "3년": 8803,
    "4년": 8329,
    "평균": 8826,
    "위도": 35.8871190029575,
    "경도": 128.639644975751,
    "지점번호": 143,
    "지점명": "대구",
    "노선": "대구도시철도 1호선"
  },
  {
    "역명": "동구청",
    "주소": "대구광역시 동구 신암남로 지하169 (신암동 369)",
    "1년": 6271,
    "2년": 6360,
    "3년": 5729,
    "4년": 5448,
    "평균": 5952,
    "위도": 35.8842379937945,
    "경도": 128.632083488086,
    "지점번호": 143,
    "지점명": "대구",
    "노선": "대구도시철도 1호선"
  },
  {
    "역명": "동대구",
    "주소": "대구광역시 동구 동대구로 지하530 (신천동)",
    "1년": 98334,
    "2년": 89051,
    "3년": 74259,
    "4년": 62585,
    "평균": 75298,
    "위도": 35.8774298682917,
    "경도": 128.62732526467,
    "지점번호": 143,
    "지점명": "대구",
    "노선": "대구도시철도 1호선"
  },
  {
    "역명": "신천(대구)",
    "주소": "대구광역시 동구 동부로 지하41 (신천동 741)",
    "1년": 9471,
    "2년": 9369,
    "3년": 8750,
    "4년": 8143,
    "평균": 8933,
    "위도": 35.874633410353,
    "경도": 128.617650223636,
    "지점번호": 143,
    "지점명": "대구",
    "노선": "대구도시철도 1호선"
  },
  {
    "역명": "칠성시장",
    "주소": "대구광역시 북구 칠성남로 지하222 (칠성동1가 278-1)",
    "1년": 7917,
    "2년": 8289,
    "3년": 8123,
    "4년": 7969,
    "평균": 8074,
    "위도": 35.8761274529496,
    "경도": 128.605168503159,
    "지점번호": 143,
    "지점명": "대구",
    "노선": "대구도시철도 1호선"
  },
  {
    "역명": "대구",
    "주소": "대구광역시 북구 칠성남로30길 지하24 (칠성동2가 302-348)",
    "1년": 1790,
    "2년": 1790,
    "3년": 1790,
    "4년": 1790,
    "평균": 1790,
    "위도": 35.87617,
    "경도": 128.5962,
    "지점번호": 143,
    "지점명": "대구",
    "노선": "대구도시철도 1호선"
  },
  {
    "역명": "중앙로(대구)",
    "주소": "대구광역시 중구 중앙대로 지하424 (남일동 143-1)",
    "1년": 29552,
    "2년": 29396,
    "3년": 27003,
    "4년": 23865,
    "평균": 27454,
    "위도": 35.8709646122443,
    "경도": 128.594012924936,
    "지점번호": 143,
    "지점명": "대구",
    "노선": "대구도시철도 1호선"
  },
  {
    "역명": "반월당",
    "주소": "대구광역시 중구 달구벌대로 지하2100 (덕산동 88)",
    "1년": 62397,
    "2년": 60573,
    "3년": 55055,
    "4년": 50094,
    "평균": 57030,
    "위도": 35.8644213158621,
    "경도": 128.593340834492,
    "지점번호": 143,
    "지점명": "대구",
    "노선": "대구도시철도 1호선"
  },
  {
    "역명": "명덕",
    "주소": "대구광역시 남구 명덕로 186 (대명동)",
    "1년": 11020,
    "2년": 11384,
    "3년": 11018,
    "4년": 10621,
    "평균": 11011,
    "위도": 35.8568886138782,
    "경도": 128.590358222643,
    "지점번호": 143,
    "지점명": "대구",
    "노선": "대구도시철도 1호선"
  },
  {
    "역명": "교대(대구)",
    "주소": "대구광역시 남구 중앙대로 지하194 (대명동)",
    "1년": 7531,
    "2년": 7543,
    "3년": 6983,
    "4년": 6441,
    "평균": 7124,
    "위도": 35.8500946138926,
    "경도": 128.590595753027,
    "지점번호": 143,
    "지점명": "대구",
    "노선": "대구도시철도 1호선"
  },
  {
    "역명": "영대병원",
    "주소": "대구광역시 남구 대명로 지하292 (대명동 224)",
    "1년": 10100,
    "2년": 9993,
    "3년": 9093,
    "4년": 8828,
    "평균": 9504,
    "위도": 35.843950327515,
    "경도": 128.587618311848,
    "지점번호": 143,
    "지점명": "대구",
    "노선": "대구도시철도 1호선"
  },
  {
    "역명": "현충로",
    "주소": "대구광역시 남구 대명로 지하222 (대명동 1291-13)",
    "1년": 6112,
    "2년": 6389,
    "3년": 6241,
    "4년": 6005,
    "평균": 6187,
    "위도": 35.8411755565813,
    "경도": 128.581924140795,
    "지점번호": 143,
    "지점명": "대구",
    "노선": "대구도시철도 1호선"
  },
  {
    "역명": "안지랑",
    "주소": "대구광역시 남구 대명로 지하141 (대명동 1291-13)",
    "1년": 7630,
    "2년": 7923,
    "3년": 7682,
    "4년": 7532,
    "평균": 7692,
    "위도": 35.8392666155309,
    "경도": 128.57317635059,
    "지점번호": 143,
    "지점명": "대구",
    "노선": "대구도시철도 1호선"
  },
  {
    "역명": "대명",
    "주소": "대구광역시 남구 대명로 지하71 (대명동 1291)",
    "1년": 7332,
    "2년": 6348,
    "3년": 5429,
    "4년": 4958,
    "평균": 6017,
    "위도": 35.8393139560409,
    "경도": 128.565377667483,
    "지점번호": 143,
    "지점명": "대구",
    "노선": "대구도시철도 1호선"
  },
  {
    "역명": "서부정류장",
    "주소": "대구광역시 남구 월배로 지하501 (대명동 1576-21)",
    "1년": 15225,
    "2년": 15175,
    "3년": 14812,
    "4년": 14219,
    "평균": 14858,
    "위도": 35.8371280140155,
    "경도": 128.557028988871,
    "지점번호": 143,
    "지점명": "대구",
    "노선": "대구도시철도 1호선"
  },
  {
    "역명": "송현",
    "주소": "대구광역시 달서구 월배로 지하412 (송현동 950)",
    "1년": 6868,
    "2년": 6841,
    "3년": 6656,
    "4년": 6496,
    "평균": 6715,
    "위도": 35.8310680580574,
    "경도": 128.551746354865,
    "지점번호": 143,
    "지점명": "대구",
    "노선": "대구도시철도 1호선"
  },
  {
    "역명": "월촌",
    "주소": "대구광역시 달서구 월배로 지하311 (송현동 2041)",
    "1년": 7982,
    "2년": 8158,
    "3년": 7944,
    "4년": 7814,
    "평균": 7974,
    "위도": 35.8237325283715,
    "경도": 128.545490846925,
    "지점번호": 143,
    "지점명": "대구",
    "노선": "대구도시철도 1호선"
  },
  {
    "역명": "상인",
    "주소": "대구광역시 달서구 월배로 지하223 (상인동 204-4)",
    "1년": 21027,
    "2년": 21292,
    "3년": 20073,
    "4년": 18930,
    "평균": 20330,
    "위도": 35.8189519841654,
    "경도": 128.537897144007,
    "지점번호": 143,
    "지점명": "대구",
    "노선": "대구도시철도 1호선"
  },
  {
    "역명": "월배",
    "주소": "대구광역시 달서구 월배로 지하143 (진천동 49-4)",
    "1년": 8325,
    "2년": 8267,
    "3년": 7817,
    "4년": 7375,
    "평균": 7946,
    "위도": 35.8161414091445,
    "경도": 128.53032556924,
    "지점번호": 143,
    "지점명": "대구",
    "노선": "대구도시철도 1호선"
  },
  {
    "역명": "진천",
    "주소": "대구광역시 달서구 월배로 지하76 (진천동 608-4)",
    "1년": 15472,
    "2년": 15340,
    "3년": 14298,
    "4년": 11015,
    "평균": 14031,
    "위도": 35.8138906159416,
    "경도": 128.523115492873,
    "지점번호": 143,
    "지점명": "대구",
    "노선": "대구도시철도 1호선"
  },
  {
    "역명": "대곡(대구)",
    "주소": "대구광역시 달서구 비슬로 지하2718 (대곡동 946)",
    "1년": 8738,
    "2년": 8771,
    "3년": 8611,
    "4년": 10439,
    "평균": 9140,
    "위도": 35.8094387559809,
    "경도": 128.512485512452,
    "지점번호": 143,
    "지점명": "대구",
    "노선": "대구도시철도 1호선"
  },
  {
    "역명": "화원",
    "주소": "대구광역시 달성군 화원읍 비슬로 지하 2600 (천내리 896-1)",
    "1년": 7641,
    "2년": 7631,
    "3년": 7032,
    "4년": 6548,
    "평균": 7213,
    "위도": 35.8044340709675,
    "경도": 128.500678990227,
    "지점번호": 143,
    "지점명": "대구",
    "노선": "대구도시철도 1호선"
  },
  {
    "역명": "설화명곡",
    "주소": "대구광역시 달성군 화원읍 비슬로 2476 (설화리) 562-1",
    "1년": 8651,
    "2년": 8409,
    "3년": 7705,
    "4년": 7084,
    "평균": 7962,
    "위도": 35.7987183,
    "경도": 128.4893179,
    "지점번호": 143,
    "지점명": "대구",
    "노선": "대구도시철도 1호선"
  },
  {
    "역명": "문양",
    "주소": "대구광역시 달성군 다사읍 문양역길 71 (문양리 400)",
    "1년": 5337,
    "2년": 5262,
    "3년": 5005,
    "4년": 4681,
    "평균": 5071,
    "위도": 35.8640792502072,
    "경도": 128.437092441158,
    "지점번호": 143,
    "지점명": "대구",
    "노선": "대구도시철도 2호선"
  },
  {
    "역명": "다사",
    "주소": "대구광역시 달성군 다사읍 다사역로 지하30 (매곡리) 689-1",
    "1년": 6543,
    "2년": 6237,
    "3년": 5025,
    "4년": 4224,
    "평균": 5507,
    "위도": 35.8649471,
    "경도": 128.4582779,
    "지점번호": 143,
    "지점명": "대구",
    "노선": "대구도시철도 2호선"
  },
  {
    "역명": "대실",
    "주소": "대구광역시 달성군 다사읍 달구벌대로 지하888 (죽곡리 242-2)",
    "1년": 12762,
    "2년": 12567,
    "3년": 11662,
    "4년": 10759,
    "평균": 11938,
    "위도": 35.8572766461263,
    "경도": 128.465657834285,
    "지점번호": 143,
    "지점명": "대구",
    "노선": "대구도시철도 2호선"
  },
  {
    "역명": "강창",
    "주소": "대구광역시 달서구 달구벌대로 지하1014 (호산동 102-2)",
    "1년": 11871,
    "2년": 12133,
    "3년": 11596,
    "4년": 10533,
    "평균": 11533,
    "위도": 35.8530784098405,
    "경도": 128.478343767188,
    "지점번호": 143,
    "지점명": "대구",
    "노선": "대구도시철도 2호선"
  },
  {
    "역명": "계명대",
    "주소": "대구광역시 달서구 달구벌대로 지하1140 (신당동 1034-4)",
    "1년": 12354,
    "2년": 12499,
    "3년": 12455,
    "4년": 10987,
    "평균": 12074,
    "위도": 35.8515042125557,
    "경도": 128.491979054503,
    "지점번호": 143,
    "지점명": "대구",
    "노선": "대구도시철도 2호선"
  },
  {
    "역명": "성서산업단지",
    "주소": "대구광역시 달서구 달구벌대로 지하1280 (이곡동) 653-4",
    "1년": 9398,
    "2년": 9677,
    "3년": 9321,
    "4년": 8653,
    "평균": 9262,
    "위도": 35.8518236,
    "경도": 128.5063504,
    "지점번호": 143,
    "지점명": "대구",
    "노선": "대구도시철도 2호선"
  },
  {
    "역명": "이곡",
    "주소": "대구광역시 달서구 달구벌대로 지하1357",
    "1년": 6974,
    "2년": 7128,
    "3년": 6978,
    "4년": 6641,
    "평균": 6930,
    "위도": 35.8505766,
    "경도": 128.5164495,
    "지점번호": 143,
    "지점명": "대구",
    "노선": "대구도시철도 2호선"
  },
  {
    "역명": "용산(대구)",
    "주소": "대구광역시 달서구 달구벌대로 지하1476 (용산동 215-9)",
    "1년": 11786,
    "2년": 13043,
    "3년": 13977,
    "4년": 13735,
    "평균": 13585,
    "위도": 35.8489652596373,
    "경도": 128.528391512291,
    "지점번호": 143,
    "지점명": "대구",
    "노선": "대구도시철도 2호선"
  },
  {
    "역명": "죽전(대구)",
    "주소": "대구광역시 달서구 달구벌대로 지하1560 (감삼동 338)",
    "1년": 12309,
    "2년": 11162,
    "3년": 9729,
    "4년": 8680,
    "평균": 10470,
    "위도": 35.850543243757,
    "경도": 128.538390834452,
    "지점번호": 143,
    "지점명": "대구",
    "노선": "대구도시철도 2호선"
  },
  {
    "역명": "감삼",
    "주소": "대구광역시 달서구 달구벌대로 지하1665 (감삼동 305)",
    "1년": 12850,
    "2년": 12972,
    "3년": 12368,
    "4년": 11714,
    "평균": 12476,
    "위도": 35.8542352631467,
    "경도": 128.547903756877,
    "지점번호": 143,
    "지점명": "대구",
    "노선": "대구도시철도 2호선"
  },
  {
    "역명": "두류",
    "주소": "대구광역시 달서구 달구벌대로 지하1760 (두류동 1290-1)",
    "1년": 12924,
    "2년": 13023,
    "3년": 12708,
    "4년": 11745,
    "평균": 12600,
    "위도": 35.8575467229942,
    "경도": 128.556606998098,
    "지점번호": 143,
    "지점명": "대구",
    "노선": "대구도시철도 2호선"
  },
  {
    "역명": "내당",
    "주소": "대구광역시 서구 달구벌대로 지하1827 (내당동 1290)",
    "1년": 8277,
    "2년": 8531,
    "3년": 7879,
    "4년": 7389,
    "평균": 8019,
    "위도": 35.860177179062,
    "경도": 128.564742731082,
    "지점번호": 143,
    "지점명": "대구",
    "노선": "대구도시철도 2호선"
  },
  {
    "역명": "반고개",
    "주소": "대구광역시 달서구 달구벌대로 지하1900 (두류동 866-39)",
    "1년": 7667,
    "2년": 7951,
    "3년": 7367,
    "4년": 6721,
    "평균": 7426,
    "위도": 35.862198717425,
    "경도": 128.572554555685,
    "지점번호": 143,
    "지점명": "대구",
    "노선": "대구도시철도 2호선"
  },
  {
    "역명": "청라언덕",
    "주소": "대구광역시 중구 달구벌대로 지하 2000",
    "1년": 14257,
    "2년": 13837,
    "3년": 12343,
    "4년": 10991,
    "평균": 12857,
    "위도": 35.8650509,
    "경도": 128.5829114,
    "지점번호": 143,
    "지점명": "대구",
    "노선": "대구도시철도 2호선"
  },
  {
    "역명": "반월당",
    "주소": "대구광역시 중구 달구벌대로 지하2100 (덕산동 88)",
    "1년": 62397,
    "2년": 60573,
    "3년": 55055,
    "4년": 50094,
    "평균": 57030,
    "위도": 35.8644213158621,
    "경도": 128.593340834492,
    "지점번호": 143,
    "지점명": "대구",
    "노선": "대구도시철도 2호선"
  },
  {
    "역명": "경대병원",
    "주소": "대구광역시 중구 달구벌대로 지하2190 (삼덕동2가) 327",
    "1년": 13199,
    "2년": 13247,
    "3년": 12099,
    "4년": 11145,
    "평균": 12422,
    "위도": 35.8630781,
    "경도": 128.6033807,
    "지점번호": 143,
    "지점명": "대구",
    "노선": "대구도시철도 2호선"
  },
  {
    "역명": "대구은행",
    "주소": "대구광역시 수성구 달구벌대로 지하2300 (수성동4가) 1085-32",
    "1년": 11328,
    "2년": 11191,
    "3년": 10563,
    "4년": 9674,
    "평균": 10689,
    "위도": 35.8597689,
    "경도": 128.6141506,
    "지점번호": 143,
    "지점명": "대구",
    "노선": "대구도시철도 2호선"
  },
  {
    "역명": "범어",
    "주소": "대구광역시 수성구 달구벌대로 지하2396 (범어동)",
    "1년": 14807,
    "2년": 14019,
    "3년": 13063,
    "4년": 12344,
    "평균": 13558,
    "위도": 35.8590147461011,
    "경도": 128.624455329435,
    "지점번호": 143,
    "지점명": "대구",
    "노선": "대구도시철도 2호선"
  },
  {
    "역명": "수성구청",
    "주소": "대구광역시 수성구 달구벌대로 지하2500 (범어동)",
    "1년": 9994,
    "2년": 9755,
    "3년": 8824,
    "4년": 8095,
    "평균": 9167,
    "위도": 35.8587419533164,
    "경도": 128.635950299762,
    "지점번호": 143,
    "지점명": "대구",
    "노선": "대구도시철도 2호선"
  },
  {
    "역명": "만촌",
    "주소": "대구광역시 수성구 달구벌대로 지하2584 (만촌동 1320)",
    "1년": 7221,
    "2년": 7108,
    "3년": 6569,
    "4년": 5993,
    "평균": 6723,
    "위도": 35.8588019750307,
    "경도": 128.645371159227,
    "지점번호": 143,
    "지점명": "대구",
    "노선": "대구도시철도 2호선"
  },
  {
    "역명": "담티",
    "주소": "대구광역시 수성구 달구벌대로 지하2670 (만촌동) 860-3",
    "1년": 6017,
    "2년": 6004,
    "3년": 5604,
    "4년": 5132,
    "평균": 5689,
    "위도": 35.8547831,
    "경도": 128.6539744,
    "지점번호": 143,
    "지점명": "대구",
    "노선": "대구도시철도 2호선"
  },
  {
    "역명": "연호",
    "주소": "대구광역시 수성구 달구벌대로 지하2870 (연호동) 552",
    "1년": 1142,
    "2년": 1196,
    "3년": 1181,
    "4년": 1130,
    "평균": 1162,
    "위도": 35.8467554,
    "경도": 128.6713342,
    "지점번호": 143,
    "지점명": "대구",
    "노선": "대구도시철도 2호선"
  },
  {
    "역명": "수성알파시티",
    "주소": "대구광역시 수성구 달구벌대로 지하2950 (연호동 154-5)",
    "1년": 4097,
    "2년": 2881,
    "3년": 2437,
    "4년": 1514,
    "평균": 2732,
    "위도": 35.8426010823523,
    "경도": 128.679988489577,
    "지점번호": 143,
    "지점명": "대구",
    "노선": "대구도시철도 2호선"
  },
  {
    "역명": "고산",
    "주소": "대구광역시 수성구 달구벌대로 지하3080 (시지동) 250-1",
    "1년": 5048,
    "2년": 5076,
    "3년": 4810,
    "4년": 4290,
    "평균": 4806,
    "위도": 35.8429299,
    "경도": 128.6932913,
    "지점번호": 143,
    "지점명": "대구",
    "노선": "대구도시철도 2호선"
  },
  {
    "역명": "신매",
    "주소": "대구광역시 수성구 달구벌대로 지하3180 (신매동 815-5)",
    "1년": 11321,
    "2년": 11522,
    "3년": 11023,
    "4년": 9933,
    "평균": 10950,
    "위도": 35.8407207598684,
    "경도": 128.704365383725,
    "지점번호": 143,
    "지점명": "대구",
    "노선": "대구도시철도 2호선"
  },
  {
    "역명": "사월",
    "주소": "대구광역시 수성구 달구벌대로 지하3290 (신매동 10-1)",
    "1년": 7955,
    "2년": 7612,
    "3년": 7337,
    "4년": 6674,
    "평균": 7394,
    "위도": 35.8367659042144,
    "경도": 128.71536176521,
    "지점번호": 143,
    "지점명": "대구",
    "노선": "대구도시철도 2호선"
  },
  {
    "역명": "정평",
    "주소": "경상북도 경산시 대학로 지하60",
    "1년": 8438,
    "2년": 8590,
    "3년": 8349,
    "4년": 7505,
    "평균": 8220,
    "위도": 35.8340742,
    "경도": 128.728651,
    "지점번호": 143,
    "지점명": "대구",
    "노선": "대구도시철도 2호선"
  },
  {
    "역명": "임당",
    "주소": "경상북도 경산시 대학로 지하170",
    "1년": 6378,
    "2년": 6298,
    "3년": 5890,
    "4년": 5365,
    "평균": 5983,
    "위도": 35.8341195,
    "경도": 128.7410608,
    "지점번호": 143,
    "지점명": "대구",
    "노선": "대구도시철도 2호선"
  },
  {
    "역명": "영남대",
    "주소": "경상북도 경산시 대학로 지하270 (대동 201-1)",
    "1년": 15451,
    "2년": 15618,
    "3년": 15154,
    "4년": 11500,
    "평균": 14431,
    "위도": 35.8358301445178,
    "경도": 128.752144604348,
    "지점번호": 143,
    "지점명": "대구",
    "노선": "대구도시철도 2호선"
  },
  {
    "역명": "칠곡경대병원",
    "주소": "대구광역시 북구 팔거천동로 386 (동호동 209-1)",
    "1년": 2282,
    "2년": 2308,
    "3년": 2164,
    "4년": 2017,
    "평균": 2193,
    "위도": 35.9584367790745,
    "경도": 128.559883085982,
    "지점번호": 143,
    "지점명": "대구",
    "노선": "대구도시철도 3호선"
  },
  {
    "역명": "학정",
    "주소": "대구광역시 북구 팔거천동로 310 (학정동 752-3)",
    "1년": 702,
    "2년": 734,
    "3년": 683,
    "4년": 589,
    "평균": 677,
    "위도": 35.9515881374554,
    "경도": 128.559190385855,
    "지점번호": 143,
    "지점명": "대구",
    "노선": "대구도시철도 3호선"
  },
  {
    "역명": "팔거",
    "주소": "대구광역시 북구 팔거천동로 226 (동천동 960)",
    "1년": 8795,
    "2년": 8539,
    "3년": 7975,
    "4년": 7165,
    "평균": 8118,
    "위도": 35.9440795417482,
    "경도": 128.558361857539,
    "지점번호": 143,
    "지점명": "대구",
    "노선": "대구도시철도 3호선"
  },
  {
    "역명": "동천(대구)",
    "주소": "대구광역시 북구 팔거천동로 147 (동천동 574)",
    "1년": 3840,
    "2년": 3867,
    "3년": 3668,
    "4년": 3437,
    "평균": 3703,
    "위도": 35.9377067068866,
    "경도": 128.556638741007,
    "지점번호": 143,
    "지점명": "대구",
    "노선": "대구도시철도 3호선"
  },
  {
    "역명": "칠곡운암",
    "주소": "대구광역시 북구 팔거천동로 79 (구암동 761-3)",
    "1년": 7331,
    "2년": 7329,
    "3년": 7150,
    "4년": 6671,
    "평균": 7120,
    "위도": 35.9314777013873,
    "경도": 128.554550656999,
    "지점번호": 143,
    "지점명": "대구",
    "노선": "대구도시철도 3호선"
  },
  {
    "역명": "구암(대구)",
    "주소": "대구광역시 북구 팔거천동로 1 (태전동 762-13)",
    "1년": 4280,
    "2년": 4380,
    "3년": 4143,
    "4년": 3911,
    "평균": 4178,
    "위도": 35.9256614163023,
    "경도": 128.55032570799,
    "지점번호": 143,
    "지점명": "대구",
    "노선": "대구도시철도 3호선"
  },
  {
    "역명": "태전",
    "주소": "대구광역시 북구 칠곡중앙대로 262 (태전동 887)",
    "1년": 4096,
    "2년": 4131,
    "3년": 3908,
    "4년": 3669,
    "평균": 3951,
    "위도": 35.9196710627982,
    "경도": 128.547393516476,
    "지점번호": 143,
    "지점명": "대구",
    "노선": "대구도시철도 3호선"
  },
  {
    "역명": "매천",
    "주소": "대구광역시 북구 학정로 6 (매천동 669)",
    "1년": 3961,
    "2년": 3946,
    "3년": 3858,
    "4년": 3635,
    "평균": 3850,
    "위도": 35.9127617245837,
    "경도": 128.543375715345,
    "지점번호": 143,
    "지점명": "대구",
    "노선": "대구도시철도 3호선"
  },
  {
    "역명": "매천시장",
    "주소": "대구광역시 북구 매천로18길 39 (매천동 618-99)",
    "1년": 2884,
    "2년": 2892,
    "3년": 2780,
    "4년": 2624,
    "평균": 2795,
    "위도": 35.9044306127524,
    "경도": 128.545780614929,
    "지점번호": 143,
    "지점명": "대구",
    "노선": "대구도시철도 3호선"
  },
  {
    "역명": "팔달",
    "주소": "대구광역시 북구 매천로2길 43 (팔달동 76-3)",
    "1년": 2209,
    "2년": 2217,
    "3년": 2102,
    "4년": 2019,
    "평균": 2137,
    "위도": 35.8978233001059,
    "경도": 128.546720225349,
    "지점번호": 143,
    "지점명": "대구",
    "노선": "대구도시철도 3호선"
  },
  {
    "역명": "공단(대구)",
    "주소": "대구광역시 서구 팔달로 28 (비산동 1705-2)",
    "1년": 2334,
    "2년": 2345,
    "3년": 2242,
    "4년": 2081,
    "평균": 2250,
    "위도": 35.8918075221925,
    "경도": 128.553658338665,
    "지점번호": 143,
    "지점명": "대구",
    "노선": "대구도시철도 3호선"
  },
  {
    "역명": "만평",
    "주소": "대구광역시 서구 팔달로 105 (비산동 1302-4)",
    "1년": 2691,
    "2년": 2846,
    "3년": 2810,
    "4년": 2661,
    "평균": 2752,
    "위도": 35.8898413887461,
    "경도": 128.561073121915,
    "지점번호": 143,
    "지점명": "대구",
    "노선": "대구도시철도 3호선"
  },
  {
    "역명": "팔달시장",
    "주소": "대구광역시 북구 팔달로 163-1 (노원동3가 784-1)",
    "1년": 4731,
    "2년": 4817,
    "3년": 4586,
    "4년": 4394,
    "평균": 4632,
    "위도": 35.8888395203414,
    "경도": 128.567891053718,
    "지점번호": 143,
    "지점명": "대구",
    "노선": "대구도시철도 3호선"
  },
  {
    "역명": "원대",
    "주소": "대구광역시 서구 팔달로 224-2 (원대동3가 1317-2)",
    "1년": 3364,
    "2년": 2756,
    "3년": 2451,
    "4년": 2406,
    "평균": 2744,
    "위도": 35.8877815857909,
    "경도": 128.574392089167,
    "지점번호": 143,
    "지점명": "대구",
    "노선": "대구도시철도 3호선"
  },
  {
    "역명": "북구청",
    "주소": "대구광역시 서구 원대로 71 (원대동2가)",
    "1년": 7260,
    "2년": 7175,
    "3년": 6771,
    "4년": 6251,
    "평균": 6864,
    "위도": 35.8839831049543,
    "경도": 128.581365449371,
    "지점번호": 143,
    "지점명": "대구",
    "노선": "대구도시철도 3호선"
  },
  {
    "역명": "달성공원",
    "주소": "대구광역시 중구 달성로 116 (수창동 104-13)",
    "1년": 4949,
    "2년": 3681,
    "3년": 3068,
    "4년": 2685,
    "평균": 3596,
    "위도": 35.8756494594572,
    "경도": 128.582080902791,
    "지점번호": 143,
    "지점명": "대구",
    "노선": "대구도시철도 3호선"
  },
  {
    "역명": "서문시장",
    "주소": "대구광역시 중구 달성로 50 (동산동 115-1)",
    "1년": 12371,
    "2년": 12120,
    "3년": 11162,
    "4년": 10642,
    "평균": 11574,
    "위도": 35.8697992183365,
    "경도": 128.58223914522,
    "지점번호": 143,
    "지점명": "대구",
    "노선": "대구도시철도 3호선"
  },
  {
    "역명": "청라언덕",
    "주소": "대구광역시 중구 달구벌대로 지하 2000",
    "1년": 14257,
    "2년": 13837,
    "3년": 12343,
    "4년": 10991,
    "평균": 12857,
    "위도": 35.8650509,
    "경도": 128.5829114,
    "지점번호": 143,
    "지점명": "대구",
    "노선": "대구도시철도 3호선"
  },
  {
    "역명": "남산(대구)",
    "주소": "대구광역시 중구 남산로 2 (남산동 2121-3)",
    "1년": 5964,
    "2년": 6132,
    "3년": 5952,
    "4년": 5679,
    "평균": 5932,
    "위도": 35.8566864460339,
    "경도": 128.583444429252,
    "지점번호": 143,
    "지점명": "대구",
    "노선": "대구도시철도 3호선"
  },
  {
    "역명": "명덕",
    "주소": "대구광역시 남구 명덕로 186 (대명동)",
    "1년": 11020,
    "2년": 11384,
    "3년": 11018,
    "4년": 10621,
    "평균": 11011,
    "위도": 35.8568886138782,
    "경도": 128.590358222643,
    "지점번호": 143,
    "지점명": "대구",
    "노선": "대구도시철도 3호선"
  },
  {
    "역명": "건들바위",
    "주소": "대구광역시 남구 명덕로 260 (이천동 160-8)",
    "1년": 3099,
    "2년": 3026,
    "3년": 2661,
    "4년": 2102,
    "평균": 2722,
    "위도": 35.8553538214208,
    "경도": 128.599632942782,
    "지점번호": 143,
    "지점명": "대구",
    "노선": "대구도시철도 3호선"
  },
  {
    "역명": "대봉교",
    "주소": "대구광역시 남구 명덕로 330 (이천동 214-684)",
    "1년": 5509,
    "2년": 5275,
    "3년": 4998,
    "4년": 4693,
    "평균": 5119,
    "위도": 35.8549371407655,
    "경도": 128.606196541565,
    "지점번호": 143,
    "지점명": "대구",
    "노선": "대구도시철도 3호선"
  },
  {
    "역명": "수성시장",
    "주소": "대구광역시 수성구 명덕로 420 (수성동2가 297)",
    "1년": 5509,
    "2년": 5325,
    "3년": 5011,
    "4년": 4632,
    "평균": 5119,
    "위도": 35.8542699562822,
    "경도": 128.616018084679,
    "지점번호": 143,
    "지점명": "대구",
    "노선": "대구도시철도 3호선"
  },
  {
    "역명": "수성구민운동장",
    "주소": "대구광역시 수성구 동대구로 248 (범어동 690)",
    "1년": 3247,
    "2년": 3215,
    "3년": 3094,
    "4년": 2935,
    "평균": 3123,
    "위도": 35.8524415317807,
    "경도": 128.625349732628,
    "지점번호": 143,
    "지점명": "대구",
    "노선": "대구도시철도 3호선"
  },
  {
    "역명": "어린이세상",
    "주소": "대구광역시 수성구 동대구로 166 (황금동 908)",
    "1년": 2200,
    "2년": 2242,
    "3년": 2045,
    "4년": 1837,
    "평균": 2081,
    "위도": 35.8450828543927,
    "경도": 128.624833412439,
    "지점번호": 143,
    "지점명": "대구",
    "노선": "대구도시철도 3호선"
  },
  {
    "역명": "황금",
    "주소": "대구광역시 수성구 동대구로 100 (두산동 968)",
    "1년": 5591,
    "2년": 5646,
    "3년": 5359,
    "4년": 4942,
    "평균": 5384,
    "위도": 35.8391870732417,
    "경도": 128.624297684882,
    "지점번호": 143,
    "지점명": "대구",
    "노선": "대구도시철도 3호선"
  },
  {
    "역명": "수성못",
    "주소": "대구광역시 수성구 동대구로 14 (지산동 1086)",
    "1년": 4826,
    "2년": 4912,
    "3년": 4634,
    "4년": 4132,
    "평균": 4626,
    "위도": 35.8314189008567,
    "경도": 128.623607482234,
    "지점번호": 143,
    "지점명": "대구",
    "노선": "대구도시철도 3호선"
  },
  {
    "역명": "지산(대구)",
    "주소": "대구광역시 수성구 지범로 100 (지산동 1257-3)",
    "1년": 4264,
    "2년": 4119,
    "3년": 3869,
    "4년": 3647,
    "평균": 3975,
    "위도": 35.8251734402843,
    "경도": 128.631935342217,
    "지점번호": 143,
    "지점명": "대구",
    "노선": "대구도시철도 3호선"
  },
  {
    "역명": "범물",
    "주소": "대구광역시 수성구 지범로 194 (범물동 1325)",
    "1년": 7292,
    "2년": 7376,
    "3년": 7022,
    "4년": 6668,
    "평균": 7090,
    "위도": 35.8208204890735,
    "경도": 128.640127908265,
    "지점번호": 143,
    "지점명": "대구",
    "노선": "대구도시철도 3호선"
  },
  {
    "역명": "용지",
    "주소": "대구광역시 수성구 범안로 83 (범물동 1287-2)",
    "1년": 4475,
    "2년": 4510,
    "3년": 4111,
    "4년": 3802,
    "평균": 4224,
    "위도": 35.8183813370558,
    "경도": 128.646877213182,
    "지점번호": 143,
    "지점명": "대구",
    "노선": "대구도시철도 3호선"
  },
  {
    "역명": "구미",
    "주소": "경상북도 구미시 구미중앙로 76 (원평동)",
    "1년": 11544,
    "2년": 10877,
    "3년": 9465,
    "4년": 8745,
    "평균": 9696,
    "위도": 36.1283301167004,
    "경도": 128.330939456358,
    "지점번호": 279,
    "지점명": "구미",
    "노선": "대구도시철도 대경선"
  },
  {
    "역명": "사곡",
    "주소": "경상북도 구미시 상사서로 173-16(사곡동)",
    "1년": 3759,
    "2년": 3759,
    "3년": 3759,
    "4년": 3759,
    "평균": 3759,
    "위도": 36.0987182040328,
    "경도": 128.356651456574,
    "지점번호": 279,
    "지점명": "구미",
    "노선": "대구도시철도 대경선"
  },
  {
    "역명": "왜관",
    "주소": "경상북도 칠곡군 왜관읍 중앙로8길 10 (왜관리)",
    "1년": 5802,
    "2년": 5968,
    "3년": 6467,
    "4년": 6556,
    "평균": 6330,
    "위도": 35.9918930703993,
    "경도": 128.40001139933,
    "지점번호": 279,
    "지점명": "구미",
    "노선": "대구도시철도 대경선"
  },
  {
    "역명": "서대구",
    "주소": "대구광역시 서구 와룡로 527 (이현동)",
    "1년": 5761,
    "2년": 4192,
    "3년": 3558,
    "4년": 3558,
    "평균": 3769,
    "위도": 35.8814797778455,
    "경도": 128.54017558255,
    "지점번호": 143,
    "지점명": "대구",
    "노선": "대구도시철도 대경선"
  },
  {
    "역명": "대구",
    "주소": "대구광역시 북구 칠성남로30길 지하24 (칠성동2가 302-348)",
    "1년": 1790,
    "2년": 1790,
    "3년": 1790,
    "4년": 1790,
    "평균": 1790,
    "위도": 35.87617,
    "경도": 128.5962,
    "지점번호": 143,
    "지점명": "대구",
    "노선": "대구도시철도 대경선"
  },
  {
    "역명": "동대구",
    "주소": "대구광역시 동구 동대구로 지하530 (신천동)",
    "1년": 98334,
    "2년": 89051,
    "3년": 74259,
    "4년": 62585,
    "평균": 81057,
    "위도": 35.8774298682917,
    "경도": 128.62732526467,
    "지점번호": 143,
    "지점명": "대구",
    "노선": "대구도시철도 대경선"
  },
  {
    "역명": "경산",
    "주소": "경상북도 경산시 중앙로 1 (사정동)",
    "1년": 5338,
    "2년": 5162,
    "3년": 4226,
    "4년": 3743,
    "평균": 4377,
    "위도": 35.8193911083973,
    "경도": 128.727508240274,
    "지점번호": 143,
    "지점명": "대구",
    "노선": "대구도시철도 대경선"
  }
]