[
  {
    "역명": "반석",
    "주소": "대전광역시 유성구 북유성대로 지하303",
    "1년": 13542,
    "2년": 13552,
    "3년": 12378,
    "4년": 10822,
    "평균": 12574,
    "위도": 36.3920778538819,
    "경도": 127.314636598645,
    "지점번호": 133,
    "지점명": "대전",
    "노선": "대전도시철도 1호선"
  },
  {
    "역명": "지족",
    "주소": "대전광역시 유성구 노은로 273",
    "1년": 4033,
    "2년": 3890,
    "3년": 3553,
    "4년": 3140,
    "평균": 3654,
    "위도": 36.3840854826124,
    "경도": 127.319482085631,
    "지점번호": 133,
    "지점명": "대전",
    "노선": "대전도시철도 1호선"
  },
  {
    "역명": "노은",
    "주소": "대전광역시 유성구 노은로 지하161",
    "1년": 7889,
    "2년": 7750,
    "3년": 7103,
    "4년": 6203,
    "평균": 7236,
    "위도": 36.3741390647949,
    "경도": 127.317893538388,
    "지점번호": 133,
    "지점명": "대전",
    "노선": "대전도시철도 1호선"
  },
  {
    "역명": "월드컵경기장(대전)",
    "주소": "대전광역시 유성구 한밭대로 지하155 (노은동 566)",
    "1년": 4887,
    "2년": 4929,
    "3년": 4422,
    "4년": 3865,
    "평균": 4526,
    "위도": 36.36712,
    "경도": 127.3183,
    "지점번호": 133,
    "지점명": "대전",
    "노선": "대전도시철도 1호선"
  },
  {
    "역명": "현충원",
    "주소": "대전광역시 유성구 현충원로 지하455",
    "1년": 3912,
    "2년": 3955,
    "3년": 3612,
    "4년": 2820,
    "평균": 3575,
    "위도": 36.3589851664449,
    "경도": 127.321973902899,
    "지점번호": 133,
    "지점명": "대전",
    "노선": "대전도시철도 1호선"
  },
  {
    "역명": "구암(대전)",
    "주소": "대전광역시 유성구 유성대로 703",
    "1년": 5614,
    "2년": 5552,
    "3년": 5065,
    "4년": 4003,
    "평균": 5058,
    "위도": 36.3566089504028,
    "경도": 127.330683935453,
    "지점번호": 133,
    "지점명": "대전",
    "노선": "대전도시철도 1호선"
  },
  {
    "역명": "유성온천",
    "주소": "대전광역시 유성구 계룡로 지하97 (봉명동 553-2)",
    "1년": 18354,
    "2년": 18217,
    "3년": 15989,
    "4년": 13025,
    "평균": 16396,
    "위도": 36.35376,
    "경도": 127.3415,
    "지점번호": 133,
    "지점명": "대전",
    "노선": "대전도시철도 1호선"
  },
  {
    "역명": "갑천",
    "주소": "대전광역시 서구 갑천도시고속도로 지하1833",
    "1년": 1818,
    "2년": 1818,
    "3년": 1705,
    "4년": 1475,
    "평균": 1704,
    "위도": 36.3542963887775,
    "경도": 127.354132376301,
    "지점번호": 133,
    "지점명": "대전",
    "노선": "대전도시철도 1호선"
  },
  {
    "역명": "월평",
    "주소": "대전광역시 서구 한밭대로 지하595",
    "1년": 6619,
    "2년": 6471,
    "3년": 5879,
    "4년": 5133,
    "평균": 6026,
    "위도": 36.3582466301,
    "경도": 127.364727103243,
    "지점번호": 133,
    "지점명": "대전",
    "노선": "대전도시철도 1호선"
  },
  {
    "역명": "갈마",
    "주소": "대전광역시 서구 한밭대로 지하666",
    "1년": 5595,
    "2년": 5654,
    "3년": 5098,
    "4년": 4450,
    "평균": 5199,
    "위도": 36.3577605091379,
    "경도": 127.372881907178,
    "지점번호": 133,
    "지점명": "대전",
    "노선": "대전도시철도 1호선"
  },
  {
    "역명": "정부청사(대전)",
    "주소": "대전광역시 서구 한밭대로 지하744",
    "1년": 12742,
    "2년": 12712,
    "3년": 11246,
    "4년": 9616,
    "평균": 11579,
    "위도": 36.3577204752574,
    "경도": 127.381312414555,
    "지점번호": 133,
    "지점명": "대전",
    "노선": "대전도시철도 1호선"
  },
  {
    "역명": "시청(대전)",
    "주소": "대전광역시 서구 둔산중로 지하55",
    "1년": 14336,
    "2년": 14074,
    "3년": 12625,
    "4년": 11155,
    "평균": 13048,
    "위도": 36.3514093986084,
    "경도": 127.386716082237,
    "지점번호": 133,
    "지점명": "대전",
    "노선": "대전도시철도 1호선"
  },
  {
    "역명": "탄방",
    "주소": "대전광역시 서구 문정로48번길 지하19",
    "1년": 8532,
    "2년": 8427,
    "3년": 7691,
    "4년": 7154,
    "평균": 7951,
    "위도": 36.3456888108369,
    "경도": 127.384543627267,
    "지점번호": 133,
    "지점명": "대전",
    "노선": "대전도시철도 1호선"
  },
  {
    "역명": "용문(대전)",
    "주소": "대전광역시 서구 계룡로 지하644 (용문동 262)",
    "1년": 9101,
    "2년": 10210,
    "3년": 12067,
    "4년": 12454,
    "평균": 11577,
    "위도": 36.3382714554586,
    "경도": 127.393280836116,
    "지점번호": 133,
    "지점명": "대전",
    "노선": "대전도시철도 1호선"
  },
  {
    "역명": "오룡",
    "주소": "대전광역시 중구 계룡로 지하793",
    "1년": 7138,
    "2년": 7240,
    "3년": 6549,
    "4년": 5861,
    "평균": 6697,
    "위도": 36.3286514378447,
    "경도": 127.404925597558,
    "지점번호": 133,
    "지점명": "대전",
    "노선": "대전도시철도 1호선"
  },
  {
    "역명": "서대전네거리",
    "주소": "대전광역시 중구 계룡로 지하889",
    "1년": 10811,
    "2년": 11134,
    "3년": 10269,
    "4년": 9175,
    "평균": 10347,
    "위도": 36.3224447702651,
    "경도": 127.412537710914,
    "지점번호": 133,
    "지점명": "대전",
    "노선": "대전도시철도 1호선"
  },
  {
    "역명": "중구청(대전)",
    "주소": "대전광역시 중구 중앙로 지하71",
    "1년": 4251,
    "2년": 4080,
    "3년": 3698,
    "4년": 3370,
    "평균": 3850,
    "위도": 36.3247830625339,
    "경도": 127.419526729219,
    "지점번호": 133,
    "지점명": "대전",
    "노선": "대전도시철도 1호선"
  },
  {
    "역명": "중앙로(대전)",
    "주소": "대전광역시 중구 중앙로 지하145",
    "1년": 12543,
    "2년": 11423,
    "3년": 9754,
    "4년": 8581,
    "평균": 10575,
    "위도": 36.3280376363476,
    "경도": 127.424130901778,
    "지점번호": 133,
    "지점명": "대전",
    "노선": "대전도시철도 1호선"
  },
  {
    "역명": "대전",
    "주소": "대전광역시 동구 중앙로 지하218 (정동 1-298)",
    "1년": 77953,
    "2년": 69351,
    "3년": 55633,
    "4년": 48976,
    "평균": 57987,
    "위도": 36.3313335000024,
    "경도": 127.433005290993,
    "지점번호": 133,
    "지점명": "대전",
    "노선": "대전도시철도 1호선"
  },
  {
    "역명": "대동",
    "주소": "대전광역시 동구 계족로 지하176",
    "1년": 7318,
    "2년": 7524,
    "3년": 6927,
    "4년": 6103,
    "평균": 6968,
    "위도": 36.3295450541282,
    "경도": 127.442884593398,
    "지점번호": 133,
    "지점명": "대전",
    "노선": "대전도시철도 1호선"
  },
  {
    "역명": "신흥(대전)",
    "주소": "대전광역시 동구 옥천로 지하70",
    "1년": 2949,
    "2년": 2917,
    "3년": 2675,
    "4년": 2492,
    "평균": 2758,
    "위도": 36.3195319065428,
    "경도": 127.448682209244,
    "지점번호": 133,
    "지점명": "대전",
    "노선": "대전도시철도 1호선"
  },
  {
    "역명": "판암",
    "주소": "대전광역시 동구 옥천로 지하162",
    "1년": 7370,
    "2년": 7436,
    "3년": 6853,
    "4년": 6277,
    "평균": 6984,
    "위도": 36.3169791703477,
    "경도": 127.458436255886,
    "지점번호": 133,
    "지점명": "대전",
    "노선": "대전도시철도 1호선"
  }
]