[
  {
    "역명": "평동",
    "주소": "광주광역시 광산구 평동로 913-99 (월전동 41-1)",
    "1년": 3775,
    "2년": 3534,
    "3년": 3626,
    "4년": 3357,
    "평균": 3573,
    "위도": 35.1247542,
    "경도": 126.769559,
    "지점번호": 156,
    "지점명": "광주",
    "노선": "광주도시철도 1호선"
  },
  {
    "역명": "도산",
    "주소": "광주광역시 광산구 상무대로 지하125-99 (도산동 1023-3)",
    "1년": 2957,
    "2년": 2879,
    "3년": 2774,
    "4년": 2566,
    "평균": 2794,
    "위도": 35.1313676979117,
    "경도": 126.787275810917,
    "지점번호": 156,
    "지점명": "광주",
    "노선": "광주도시철도 1호선"
  },
  {
    "역명": "광주송정",
    "주소": "광주광역시 광산구 상무대로 지하201-99 (송정동 1003-12)",
    "1년": 33462,
    "2년": 30007,
    "3년": 24403,
    "4년": 18785,
    "평균": 24398,
    "위도": 35.1379970845584,
    "경도": 126.791770452385,
    "지점번호": 156,
    "지점명": "광주",
    "노선": "광주도시철도 1호선"
  },
  {
    "역명": "송정공원",
    "주소": "광주광역시 광산구 상무대로 지하314-99 (송정동 713)",
    "1년": 5054,
    "2년": 4989,
    "3년": 24403,
    "4년": 18785,
    "평균": 13308,
    "위도": 35.1435543059706,
    "경도": 126.79961354351,
    "지점번호": 156,
    "지점명": "광주",
    "노선": "광주도시철도 1호선"
  },
  {
    "역명": "공항(광주)",
    "주소": "광주광역시 광산구 상무대로 지하416-99 (신촌동 682-29)",
    "1년": 2041,
    "2년": 1993,
    "3년": 2024,
    "4년": 1983,
    "평균": 2010,
    "위도": 35.1441185192697,
    "경도": 126.811208925522,
    "지점번호": 156,
    "지점명": "광주",
    "노선": "광주도시철도 1호선"
  },
  {
    "역명": "김대중컨벤션센터",
    "주소": "광주광역시 서구 상무대로 지하705 (마륵동 170-40)",
    "1년": 2582,
    "2년": 2469,
    "3년": 2333,
    "4년": 1876,
    "평균": 2315,
    "위도": 35.1431559404159,
    "경도": 126.841380236714,
    "지점번호": 156,
    "지점명": "광주",
    "노선": "광주도시철도 1호선"
  },
  {
    "역명": "상무",
    "주소": "광주광역시 서구 상무대로 지하777 (마륵동 162-3)",
    "1년": 7894,
    "2년": 7546,
    "3년": 7234,
    "4년": 6749,
    "평균": 7356,
    "위도": 35.1468091595549,
    "경도": 126.84878637737,
    "지점번호": 156,
    "지점명": "광주",
    "노선": "광주도시철도 1호선"
  },
  {
    "역명": "운천(광주)",
    "주소": "광주광역시 서구 상무대로 지하883 (쌍촌동 1006)",
    "1년": 6000,
    "2년": 5805,
    "3년": 5543,
    "4년": 4937,
    "평균": 5571,
    "위도": 35.150512363307,
    "경도": 126.858688790576,
    "지점번호": 156,
    "지점명": "광주",
    "노선": "광주도시철도 1호선"
  },
  {
    "역명": "쌍촌",
    "주소": "광주광역시 서구 상무대로 지하983 (내방동 843)",
    "1년": 4486,
    "2년": 4384,
    "3년": 4180,
    "4년": 3871,
    "평균": 4230,
    "위도": 35.151580188105,
    "경도": 126.869607537741,
    "지점번호": 156,
    "지점명": "광주",
    "노선": "광주도시철도 1호선"
  },
  {
    "역명": "화정(광주)",
    "주소": "광주광역시 서구 상무대로 1041",
    "1년": 3695,
    "2년": 3632,
    "3년": 3419,
    "4년": 3164,
    "평균": 3478,
    "위도": 35.1519671,
    "경도": 126.8767616,
    "지점번호": 156,
    "지점명": "광주",
    "노선": "광주도시철도 1호선"
  },
  {
    "역명": "농성",
    "주소": "광주광역시 서구 상무대로 지하1123 (농성동 481-32)",
    "1년": 5400,
    "2년": 5217,
    "3년": 4653,
    "4년": 4076,
    "평균": 4836,
    "위도": 35.1534714075901,
    "경도": 126.883858099256,
    "지점번호": 156,
    "지점명": "광주",
    "노선": "광주도시철도 1호선"
  },
  {
    "역명": "돌고개",
    "주소": "광주광역시 서구 경열로 87",
    "1년": 3326,
    "2년": 3273,
    "3년": 3159,
    "4년": 2681,
    "평균": 3110,
    "위도": 35.1518665,
    "경도": 126.8955334,
    "지점번호": 156,
    "지점명": "광주",
    "노선": "광주도시철도 1호선"
  },
  {
    "역명": "양동시장",
    "주소": "광주광역시 서구 경열로 지하152 (양동 304-3)",
    "1년": 4509,
    "2년": 4016,
    "3년": 3889,
    "4년": 3663,
    "평균": 4019,
    "위도": 35.1544153013549,
    "경도": 126.901446785988,
    "지점번호": 156,
    "지점명": "광주",
    "노선": "광주도시철도 1호선"
  },
  {
    "역명": "금남로5가",
    "주소": "광주광역시 북구 금남로 지하138 (북동 299)",
    "1년": 3924,
    "2년": 3781,
    "3년": 3490,
    "4년": 3133,
    "평균": 3582,
    "위도": 35.1542760525662,
    "경도": 126.909189455898,
    "지점번호": 156,
    "지점명": "광주",
    "노선": "광주도시철도 1호선"
  },
  {
    "역명": "금남로4가",
    "주소": "광주광역시 동구 금남로 지하210 (금남로4가 105)",
    "1년": 7863,
    "2년": 7719,
    "3년": 7283,
    "4년": 6580,
    "평균": 7361,
    "위도": 35.1506816640541,
    "경도": 126.914597280332,
    "지점번호": 156,
    "지점명": "광주",
    "노선": "광주도시철도 1호선"
  },
  {
    "역명": "문화전당",
    "주소": "광주광역시 동구 문화전당로26번길 지하7 (광산동 13)",
    "1년": 6186,
    "2년": 5951,
    "3년": 5567,
    "4년": 4895,
    "평균": 5650,
    "위도": 35.146440859318,
    "경도": 126.919889157722,
    "지점번호": 156,
    "지점명": "광주",
    "노선": "광주도시철도 1호선"
  },
  {
    "역명": "남광주",
    "주소": "광주광역시 동구 제봉로 지하1 (학동 904)",
    "1년": 7830,
    "2년": 7838,
    "3년": 7458,
    "4년": 6976,
    "평균": 7526,
    "위도": 35.1393359044738,
    "경도": 126.922994880556,
    "지점번호": 156,
    "지점명": "광주",
    "노선": "광주도시철도 1호선"
  },
  {
    "역명": "학동·증심사입구",
    "주소": "광주광역시 동구 남문로 지하700 (학동 1004-1)",
    "1년": 3724,
    "2년": 3551,
    "3년": 3421,
    "4년": 3236,
    "평균": 3483,
    "위도": 35.1326523838839,
    "경도": 126.928428390919,
    "지점번호": 156,
    "지점명": "광주",
    "노선": "광주도시철도 1호선"
  },
  {
    "역명": "소태",
    "주소": "광주광역시 동구 남문로 지하587 (소태동 664-1)",
    "1년": 3935,
    "2년": 3793,
    "3년": 3416,
    "4년": 2925,
    "평균": 3517,
    "위도": 35.1233909173504,
    "경도": 126.932442376156,
    "지점번호": 156,
    "지점명": "광주",
    "노선": "광주도시철도 1호선"
  },
  {
    "역명": "녹동",
    "주소": "광주광역시 동구 녹동길 45 (월남동 222-5)",
    "1년": 327,
    "2년": 296,
    "3년": 285,
    "4년": 264,
    "평균": 293,
    "위도": 35.1068077090172,
    "경도": 126.933979161621,
    "지점번호": 156,
    "지점명": "광주",
    "노선": "광주도시철도 1호선"
  }
]