[
  {
    "역명": "노포",
    "주소": "부산광역시 금정구 중앙대로 2238",
    "1년": 21897,
    "2년": 22322,
    "3년": 21763,
    "4년": 19370,
    "평균": 21338,
    "위도": 35.2846866758906,
    "경도": 129.095480074212,
    "지점번호": 257,
    "지점명": "양산시",
    "노선": "부산도시철도 1호선"
  },
  {
    "역명": "범어사",
    "주소": "부산광역시 금정구 중앙대로 지하2107",
    "1년": 15015,
    "2년": 14670,
    "3년": 14040,
    "4년": 12777,
    "평균": 14126,
    "위도": 35.2732401,
    "경도": 129.0926403,
    "지점번호": 257,
    "지점명": "양산시",
    "노선": "부산도시철도 1호선"
  },
  {
    "역명": "남산(부산)",
    "주소": "부산광역시 금정구 중앙대로 지하2019-1",
    "1년": 10559,
    "2년": 10557,
    "3년": 10288,
    "4년": 9178,
    "평균": 10146,
    "위도": 35.2651717,
    "경도": 129.0924529,
    "지점번호": 257,
    "지점명": "양산시",
    "노선": "부산도시철도 1호선"
  },
  {
    "역명": "두실",
    "주소": "부산광역시 금정구 중앙대로 지하1927-1",
    "1년": 13068,
    "2년": 12774,
    "3년": 12208,
    "4년": 11618,
    "평균": 12417,
    "위도": 35.2570592,
    "경도": 129.0913932,
    "지점번호": 257,
    "지점명": "양산시",
    "노선": "부산도시철도 1호선"
  },
  {
    "역명": "구서",
    "주소": "부산광역시 금정구 금정로233번길 46",
    "1년": 18491,
    "2년": 18194,
    "3년": 17511,
    "4년": 15857,
    "평균": 17513,
    "위도": 35.2472673132823,
    "경도": 129.091293977961,
    "지점번호": 257,
    "지점명": "양산시",
    "노선": "부산도시철도 1호선"
  },
  {
    "역명": "장전",
    "주소": "부산광역시 금정구 장전온천천로 144 (장전동)",
    "1년": 21330,
    "2년": 20950,
    "3년": 19820,
    "4년": 17955,
    "평균": 20014,
    "위도": 35.2380895492619,
    "경도": 129.088145804387,
    "지점번호": 257,
    "지점명": "양산시",
    "노선": "부산도시철도 1호선"
  },
  {
    "역명": "부산대",
    "주소": "부산광역시 금정구 장전온천천로 48",
    "1년": 29446,
    "2년": 29471,
    "3년": 27993,
    "4년": 24167,
    "평균": 27769,
    "위도": 35.2296168581211,
    "경도": 129.089342280899,
    "지점번호": 257,
    "지점명": "양산시",
    "노선": "부산도시철도 1호선"
  },
  {
    "역명": "온천장",
    "주소": "부산광역시 동래구 중앙대로 1520 (온천동)",
    "1년": 29169,
    "2년": 28538,
    "3년": 27026,
    "4년": 24357,
    "평균": 27272,
    "위도": 35.2202759023492,
    "경도": 129.086397604201,
    "지점번호": 257,
    "지점명": "양산시",
    "노선": "부산도시철도 1호선"
  },
  {
    "역명": "명륜",
    "주소": "부산광역시 동래구 중앙대로 1414",
    "1년": 20630,
    "2년": 20326,
    "3년": 18411,
    "4년": 15692,
    "평균": 18765,
    "위도": 35.212575505365,
    "경도": 129.079700449192,
    "지점번호": 296,
    "지점명": "북부산",
    "노선": "부산도시철도 1호선"
  },
  {
    "역명": "동래",
    "주소": "부산광역시 동래구 중앙대로 1324 (온천동)",
    "1년": 41425,
    "2년": 40847,
    "3년": 39181,
    "4년": 34516,
    "평균": 38992,
    "위도": 35.205618039108,
    "경도": 129.078480143881,
    "지점번호": 296,
    "지점명": "북부산",
    "노선": "부산도시철도 1호선"
  },
  {
    "역명": "교대(부산)",
    "주소": "부산광역시 연제구 중앙대로 지하1217",
    "1년": 37720,
    "2년": 37507,
    "3년": 35728,
    "4년": 30167,
    "평균": 35280,
    "위도": 35.1960996522297,
    "경도": 129.079888998569,
    "지점번호": 159,
    "지점명": "부산",
    "노선": "부산도시철도 1호선"
  },
  {
    "역명": "연산(부산)",
    "주소": "부산광역시 연제구 중앙대로 지하1101 (연산동)",
    "1년": 44834,
    "2년": 49981,
    "3년": 52416,
    "4년": 53207,
    "평균": 51868,
    "위도": 35.1860724027287,
    "경도": 129.081505014634,
    "지점번호": 159,
    "지점명": "부산",
    "노선": "부산도시철도 1호선"
  },
  {
    "역명": "시청(부산)",
    "주소": "부산광역시 연제구 중앙대로 지하1017",
    "1년": 28725,
    "2년": 26977,
    "3년": 25216,
    "4년": 23612,
    "평균": 26132,
    "위도": 35.1797766776316,
    "경도": 129.076623899785,
    "지점번호": 159,
    "지점명": "부산",
    "노선": "부산도시철도 1호선"
  },
  {
    "역명": "양정",
    "주소": "부산광역시 부산진구 중앙대로 지하930 (양정동)",
    "1년": 24648,
    "2년": 23815,
    "3년": 22578,
    "4년": 21708,
    "평균": 23187,
    "위도": 35.172966889552,
    "경도": 129.071221709878,
    "지점번호": 159,
    "지점명": "부산",
    "노선": "부산도시철도 1호선"
  },
  {
    "역명": "부전",
    "주소": "부산광역시 부산진구 중앙대로 지하786 (부전동)",
    "1년": 42558,
    "2년": 41260,
    "3년": 38280,
    "4년": 35525,
    "평균": 38355,
    "위도": 35.1626355663375,
    "경도": 129.063011866198,
    "지점번호": 159,
    "지점명": "부산",
    "노선": "부산도시철도 1호선"
  },
  {
    "역명": "서면",
    "주소": "부산광역시 부산진구 중앙대로 지하730",
    "1년": 121730,
    "2년": 117005,
    "3년": 109229,
    "4년": 96501,
    "평균": 111116,
    "위도": 35.157764059003,
    "경도": 129.059035752371,
    "지점번호": 159,
    "지점명": "부산",
    "노선": "부산도시철도 1호선"
  },
  {
    "역명": "범내골",
    "주소": "부산광역시 부산진구 중앙대로 지하612",
    "1년": 19396,
    "2년": 18320,
    "3년": 17216,
    "4년": 16322,
    "평균": 17814,
    "위도": 35.1473559993163,
    "경도": 129.059236450565,
    "지점번호": 159,
    "지점명": "부산",
    "노선": "부산도시철도 1호선"
  },
  {
    "역명": "범일",
    "주소": "부산광역시 동구 범일로 지하108",
    "1년": 29412,
    "2년": 28709,
    "3년": 27545,
    "4년": 25681,
    "평균": 27837,
    "위도": 35.1407227839329,
    "경도": 129.059343471388,
    "지점번호": 159,
    "지점명": "부산",
    "노선": "부산도시철도 1호선"
  },
  {
    "역명": "좌천",
    "주소": "부산광역시 동구 중앙대로 지하446 (좌천동)",
    "1년": 8197,
    "2년": 7558,
    "3년": 6858,
    "4년": 6248,
    "평균": 7215,
    "위도": 35.1343024702659,
    "경도": 129.054309788509,
    "지점번호": 159,
    "지점명": "부산",
    "노선": "부산도시철도 1호선"
  },
  {
    "역명": "부산진",
    "주소": "부산광역시 동구 중앙대로 지하350",
    "1년": 14054,
    "2년": 13560,
    "3년": 13136,
    "4년": 12864,
    "평균": 13404,
    "위도": 35.1277608563561,
    "경도": 129.047877083539,
    "지점번호": 159,
    "지점명": "부산",
    "노선": "부산도시철도 1호선"
  },
  {
    "역명": "초량",
    "주소": "부산광역시 동구 중앙대로 지하264 (초량동)",
    "1년": 12291,
    "2년": 11818,
    "3년": 11000,
    "4년": 10253,
    "평균": 11340,
    "위도": 35.1211680273914,
    "경도": 129.042990876284,
    "지점번호": 159,
    "지점명": "부산",
    "노선": "부산도시철도 1호선"
  },
  {
    "역명": "부산",
    "주소": "부산광역시 동구 중앙대로 지하200 (초량동)",
    "1년": 105385,
    "2년": 88911,
    "3년": 64717,
    "4년": 62025,
    "평균": 71884,
    "위도": 35.1144392315358,
    "경도": 129.039279645964,
    "지점번호": 159,
    "지점명": "부산",
    "노선": "부산도시철도 1호선"
  },
  {
    "역명": "중앙(부산)",
    "주소": "부산광역시 중구 중앙대로 지하83 (중앙동4가)",
    "1년": 17877,
    "2년": 17551,
    "3년": 16746,
    "4년": 16097,
    "평균": 17068,
    "위도": 35.1037576682489,
    "경도": 129.036356886138,
    "지점번호": 159,
    "지점명": "부산",
    "노선": "부산도시철도 1호선"
  },
  {
    "역명": "남포(부산)",
    "주소": "부산광역시 중구 구덕로 지하12",
    "1년": 37683,
    "2년": 36502,
    "3년": 32744,
    "4년": 28802,
    "평균": 33933,
    "위도": 35.0978916,
    "경도": 129.0346813,
    "지점번호": 159,
    "지점명": "부산",
    "노선": "부산도시철도 1호선"
  },
  {
    "역명": "자갈치",
    "주소": "부산광역시 중구 구덕로 지하80 (남포동6가)",
    "1년": 35740,
    "2년": 34999,
    "3년": 31852,
    "4년": 27992,
    "평균": 32646,
    "위도": 35.0973771029191,
    "경도": 129.026592291727,
    "지점번호": 159,
    "지점명": "부산",
    "노선": "부산도시철도 1호선"
  },
  {
    "역명": "토성",
    "주소": "부산광역시 서구 구덕로 지하170 (토성동3가)",
    "1년": 17416,
    "2년": 17020,
    "3년": 15466,
    "4년": 13846,
    "평균": 15937,
    "위도": 35.1007070222773,
    "경도": 129.01978613175,
    "지점번호": 159,
    "지점명": "부산",
    "노선": "부산도시철도 1호선"
  },
  {
    "역명": "동대신",
    "주소": "부산광역시 서구 구덕로 지하290",
    "1년": 12549,
    "2년": 12080,
    "3년": 11482,
    "4년": 10597,
    "평균": 11677,
    "위도": 35.1104877877446,
    "경도": 129.017620766092,
    "지점번호": 159,
    "지점명": "부산",
    "노선": "부산도시철도 1호선"
  },
  {
    "역명": "서대신",
    "주소": "부산광역시 서구 대영로 지하1",
    "1년": 6905,
    "2년": 6466,
    "3년": 5782,
    "4년": 5277,
    "평균": 6108,
    "위도": 35.1109028475878,
    "경도": 129.012175222757,
    "지점번호": 159,
    "지점명": "부산",
    "노선": "부산도시철도 1호선"
  },
  {
    "역명": "대티",
    "주소": "부산광역시 사하구 낙동대로 지하141",
    "1년": 7885,
    "2년": 7584,
    "3년": 7267,
    "4년": 6290,
    "평균": 7256,
    "위도": 35.1030802302734,
    "경도": 128.999916782834,
    "지점번호": 159,
    "지점명": "부산",
    "노선": "부산도시철도 1호선"
  },
  {
    "역명": "괴정",
    "주소": "부산광역시 사하구 낙동대로 지하221",
    "1년": 17882,
    "2년": 17285,
    "3년": 16620,
    "4년": 15271,
    "평균": 16764,
    "위도": 35.0998988696447,
    "경도": 128.992503863017,
    "지점번호": 159,
    "지점명": "부산",
    "노선": "부산도시철도 1호선"
  },
  {
    "역명": "사하",
    "주소": "부산광역시 사하구 낙동대로 지하309",
    "1년": 8700,
    "2년": 8247,
    "3년": 7401,
    "4년": 7041,
    "평균": 7847,
    "위도": 35.099810965388,
    "경도": 128.983077618022,
    "지점번호": 159,
    "지점명": "부산",
    "노선": "부산도시철도 1호선"
  },
  {
    "역명": "당리",
    "주소": "부산광역시 사하구 낙동대로 지하405",
    "1년": 13029,
    "2년": 12588,
    "3년": 11894,
    "4년": 10929,
    "평균": 12110,
    "위도": 35.103490469216,
    "경도": 128.973849682519,
    "지점번호": 159,
    "지점명": "부산",
    "노선": "부산도시철도 1호선"
  },
  {
    "역명": "하단",
    "주소": "부산광역시 사하구 낙동남로 지하1415 (하단동)",
    "1년": 36932,
    "2년": 35560,
    "3년": 33283,
    "4년": 29080,
    "평균": 33714,
    "위도": 35.1061809647053,
    "경도": 128.96623783418,
    "지점번호": 159,
    "지점명": "부산",
    "노선": "부산도시철도 1호선"
  },
  {
    "역명": "신평",
    "주소": "부산광역시 사하구 하신번영로 140 (신평동)",
    "1년": 12603,
    "2년": 12213,
    "3년": 12106,
    "4년": 11314,
    "평균": 12059,
    "위도": 35.0921593227113,
    "경도": 128.960589576547,
    "지점번호": 159,
    "지점명": "부산",
    "노선": "부산도시철도 1호선"
  },
  {
    "역명": "동매",
    "주소": "부산광역시 사하구 신산로 지하168",
    "1년": 7738,
    "2년": 7823,
    "3년": 7559,
    "4년": 6578,
    "평균": 7424,
    "위도": 35.0897612301849,
    "경도": 128.973447214501,
    "지점번호": 159,
    "지점명": "부산",
    "노선": "부산도시철도 1호선"
  },
  {
    "역명": "장림",
    "주소": "부산광역시 사하구 다대로 지하230 (장림동)",
    "1년": 7082,
    "2년": 6587,
    "3년": 6347,
    "4년": 5490,
    "평균": 6376,
    "위도": 35.0820126307128,
    "경도": 128.977401698897,
    "지점번호": 159,
    "지점명": "부산",
    "노선": "부산도시철도 1호선"
  },
  {
    "역명": "신장림",
    "주소": "부산광역시 사하구 다대로 지하310",
    "1년": 6468,
    "2년": 6151,
    "3년": 5839,
    "4년": 5360,
    "평균": 5954,
    "위도": 35.0747728011479,
    "경도": 128.976625251575,
    "지점번호": 159,
    "지점명": "부산",
    "노선": "부산도시철도 1호선"
  },
  {
    "역명": "낫개",
    "주소": "부산광역시 사하구 다대로 지하422",
    "1년": 9714,
    "2년": 9366,
    "3년": 9028,
    "4년": 8327,
    "평균": 9109,
    "위도": 35.0652247168173,
    "경도": 128.979656787874,
    "지점번호": 159,
    "지점명": "부산",
    "노선": "부산도시철도 1호선"
  },
  {
    "역명": "다대포항",
    "주소": "부산광역시 사하구 다대로 지하548",
    "1년": 7308,
    "2년": 7128,
    "3년": 6847,
    "4년": 6221,
    "평균": 6876,
    "위도": 35.0577117929185,
    "경도": 128.971280072357,
    "지점번호": 159,
    "지점명": "부산",
    "노선": "부산도시철도 1호선"
  },
  {
    "역명": "다대포해수욕장",
    "주소": "부산광역시 사하구 다대로 지하692",
    "1년": 10529,
    "2년": 9357,
    "3년": 8717,
    "4년": 7761,
    "평균": 9091,
    "위도": 35.0481940896552,
    "경도": 128.965824285746,
    "지점번호": 159,
    "지점명": "부산",
    "노선": "부산도시철도 1호선"
  },
  {
    "역명": "양산",
    "주소": "경상남도 양산시 강변로 441",
    "1년": 11374,
    "2년": 11576,
    "3년": 11079,
    "4년": 10188,
    "평균": 11054,
    "위도": 35.3387402352291,
    "경도": 129.026459983234,
    "지점번호": 257,
    "지점명": "양산시",
    "노선": "부산도시철도 2호선"
  },
  {
    "역명": "남양산",
    "주소": "경상남도 양산시 물금읍 메기로 380",
    "1년": 6287,
    "2년": 6329,
    "3년": 6122,
    "4년": 5641,
    "평균": 6095,
    "위도": 35.3254539553711,
    "경도": 129.019421383581,
    "지점번호": 257,
    "지점명": "양산시",
    "노선": "부산도시철도 2호선"
  },
  {
    "역명": "부산대양산캠퍼스",
    "주소": "경상남도 양산시 물금읍 메기로 270",
    "1년": 3423,
    "2년": 3533,
    "3년": 3464,
    "4년": 3418,
    "평균": 3460,
    "위도": 35.316884725995,
    "경도": 129.013940950105,
    "지점번호": 257,
    "지점명": "양산시",
    "노선": "부산도시철도 2호선"
  },
  {
    "역명": "증산(부산)",
    "주소": "경상남도 양산시 물금읍 메기로 168 (증산리)",
    "1년": 8709,
    "2년": 8658,
    "3년": 8323,
    "4년": 7659,
    "평균": 8337,
    "위도": 35.3082462596909,
    "경도": 129.0102778791,
    "지점번호": 257,
    "지점명": "양산시",
    "노선": "부산도시철도 2호선"
  },
  {
    "역명": "호포",
    "주소": "경상남도 양산시 동면 양산대로 62 (가산리)",
    "1년": 2505,
    "2년": 2425,
    "3년": 2535,
    "4년": 2497,
    "평균": 2490,
    "위도": 35.2810793342617,
    "경도": 129.017243861738,
    "지점번호": 257,
    "지점명": "양산시",
    "노선": "부산도시철도 2호선"
  },
  {
    "역명": "금곡(부산)",
    "주소": "부산광역시 북구 금곡대로 685",
    "1년": 4462,
    "2년": 4386,
    "3년": 4185,
    "4년": 3881,
    "평균": 4228,
    "위도": 35.2674731957506,
    "경도": 129.016906409012,
    "지점번호": 257,
    "지점명": "양산시",
    "노선": "부산도시철도 2호선"
  },
  {
    "역명": "동원",
    "주소": "부산광역시 북구 금곡대로 575",
    "1년": 2887,
    "2년": 2778,
    "3년": 2696,
    "4년": 2527,
    "평균": 2722,
    "위도": 35.2586437992364,
    "경도": 129.012396791222,
    "지점번호": 257,
    "지점명": "양산시",
    "노선": "부산도시철도 2호선"
  },
  {
    "역명": "율리",
    "주소": "부산광역시 북구 금곡대로 지하440 (화명동)",
    "1년": 8553,
    "2년": 8423,
    "3년": 8092,
    "4년": 7415,
    "평균": 8121,
    "위도": 35.2471687881887,
    "경도": 129.012917764141,
    "지점번호": 296,
    "지점명": "북부산",
    "노선": "부산도시철도 2호선"
  },
  {
    "역명": "화명",
    "주소": "부산광역시 북구 금곡대로 지하311 (화명동)",
    "1년": 16839,
    "2년": 18823,
    "3년": 20184,
    "4년": 20974,
    "평균": 19994,
    "위도": 35.23580316112,
    "경도": 129.013877205984,
    "지점번호": 296,
    "지점명": "북부산",
    "노선": "부산도시철도 2호선"
  },
  {
    "역명": "수정",
    "주소": "부산광역시 북구 금곡대로 지하160",
    "1년": 11408,
    "2년": 10938,
    "3년": 10106,
    "4년": 9230,
    "평균": 10420,
    "위도": 35.2230835573286,
    "경도": 129.009148601943,
    "지점번호": 296,
    "지점명": "북부산",
    "노선": "부산도시철도 2호선"
  },
  {
    "역명": "덕천",
    "주소": "부산광역시 북구 금곡대로 지하14",
    "1년": 34356,
    "2년": 33181,
    "3년": 31888,
    "4년": 29704,
    "평균": 32282,
    "위도": 35.2109774599591,
    "경도": 129.004972165013,
    "지점번호": 296,
    "지점명": "북부산",
    "노선": "부산도시철도 2호선"
  },
  {
    "역명": "구명",
    "주소": "부산광역시 북구 백양대로 지하1094",
    "1년": 6208,
    "2년": 6028,
    "3년": 5807,
    "4년": 5185,
    "평균": 5807,
    "위도": 35.2027471033979,
    "경도": 128.999502946075,
    "지점번호": 296,
    "지점명": "북부산",
    "노선": "부산도시철도 2호선"
  },
  {
    "역명": "구남",
    "주소": "부산광역시 북구 백양대로 지하1026",
    "1년": 8440,
    "2년": 8070,
    "3년": 7676,
    "4년": 7021,
    "평균": 7802,
    "위도": 35.1969200209729,
    "경도": 128.994999341653,
    "지점번호": 296,
    "지점명": "북부산",
    "노선": "부산도시철도 2호선"
  },
  {
    "역명": "모라",
    "주소": "부산광역시 사상구 사상로 지하498",
    "1년": 8912,
    "2년": 8587,
    "3년": 8138,
    "4년": 7564,
    "평균": 8300,
    "위도": 35.1896418913458,
    "경도": 128.988608107569,
    "지점번호": 296,
    "지점명": "북부산",
    "노선": "부산도시철도 2호선"
  },
  {
    "역명": "모덕",
    "주소": "부산광역시 사상구 사상로 지하409",
    "1년": 3958,
    "2년": 3936,
    "3년": 3761,
    "4년": 3426,
    "평균": 3770,
    "위도": 35.1803969032771,
    "경도": 128.98556335249,
    "지점번호": 296,
    "지점명": "북부산",
    "노선": "부산도시철도 2호선"
  },
  {
    "역명": "덕포",
    "주소": "부산광역시 사상구 사상로 지하320-1",
    "1년": 9043,
    "2년": 7920,
    "3년": 7231,
    "4년": 6581,
    "평균": 7694,
    "위도": 35.1739522585751,
    "경도": 128.983968484563,
    "지점번호": 296,
    "지점명": "북부산",
    "노선": "부산도시철도 2호선"
  },
  {
    "역명": "사상",
    "주소": "부산광역시 사상구 광장로 83 (괘법동)",
    "1년": 59107,
    "2년": 54794,
    "3년": 48279,
    "4년": 45980,
    "평균": 49684,
    "위도": 35.1623018019972,
    "경도": 128.985940757007,
    "지점번호": 296,
    "지점명": "북부산",
    "노선": "부산도시철도 2호선"
  },
  {
    "역명": "감전",
    "주소": "부산광역시 사상구 사상로 지하93-1",
    "1년": 7538,
    "2년": 7403,
    "3년": 6932,
    "4년": 6107,
    "평균": 6995,
    "위도": 35.1555354610669,
    "경도": 128.991267078925,
    "지점번호": 159,
    "지점명": "부산",
    "노선": "부산도시철도 2호선"
  },
  {
    "역명": "주례",
    "주소": "부산광역시 사상구 가야대로 지하292 (주례동)",
    "1년": 13305,
    "2년": 12793,
    "3년": 11914,
    "4년": 10672,
    "평균": 12171,
    "위도": 35.1505046520611,
    "경도": 129.003137064668,
    "지점번호": 159,
    "지점명": "부산",
    "노선": "부산도시철도 2호선"
  },
  {
    "역명": "냉정",
    "주소": "부산광역시 사상구 가야대로 지하362-1",
    "1년": 10889,
    "2년": 10698,
    "3년": 10595,
    "4년": 9535,
    "평균": 10429,
    "위도": 35.1512676943839,
    "경도": 129.012524113419,
    "지점번호": 159,
    "지점명": "부산",
    "노선": "부산도시철도 2호선"
  },
  {
    "역명": "개금",
    "주소": "부산광역시 부산진구 가야대로 지하442",
    "1년": 16105,
    "2년": 15492,
    "3년": 14844,
    "4년": 13621,
    "평균": 15016,
    "위도": 35.1531942927238,
    "경도": 129.020373573473,
    "지점번호": 159,
    "지점명": "부산",
    "노선": "부산도시철도 2호선"
  },
  {
    "역명": "동의대",
    "주소": "부산광역시 부산진구 가야대로 지하554",
    "1년": 12574,
    "2년": 12164,
    "3년": 11744,
    "4년": 9877,
    "평균": 11590,
    "위도": 35.1540395614292,
    "경도": 129.032552773691,
    "지점번호": 159,
    "지점명": "부산",
    "노선": "부산도시철도 2호선"
  },
  {
    "역명": "가야",
    "주소": "부산광역시 부산진구 가야대로 지하650",
    "1년": 6978,
    "2년": 6476,
    "3년": 6322,
    "4년": 5799,
    "평균": 6394,
    "위도": 35.1558739907577,
    "경도": 129.042819597165,
    "지점번호": 159,
    "지점명": "부산",
    "노선": "부산도시철도 2호선"
  },
  {
    "역명": "부암",
    "주소": "부산광역시 부산진구 가야대로 지하719",
    "1년": 11692,
    "2년": 11117,
    "3년": 10633,
    "4년": 9512,
    "평균": 10738,
    "위도": 35.1574359013428,
    "경도": 129.050428497747,
    "지점번호": 159,
    "지점명": "부산",
    "노선": "부산도시철도 2호선"
  },
  {
    "역명": "서면",
    "주소": "부산광역시 부산진구 중앙대로 지하730",
    "1년": 121730,
    "2년": 117005,
    "3년": 109229,
    "4년": 96501,
    "평균": 111116,
    "위도": 35.157764059003,
    "경도": 129.059035752371,
    "지점번호": 159,
    "지점명": "부산",
    "노선": "부산도시철도 2호선"
  },
  {
    "역명": "전포",
    "주소": "부산광역시 부산진구 전포대로 지하181 (전포동)",
    "1년": 20063,
    "2년": 18430,
    "3년": 17021,
    "4년": 14622,
    "평균": 17534,
    "위도": 35.1528347392059,
    "경도": 129.065363249745,
    "지점번호": 159,
    "지점명": "부산",
    "노선": "부산도시철도 2호선"
  },
  {
    "역명": "국제금융센터·부산은행",
    "주소": "부산광역시 남구 전포대로 지하97",
    "1년": 9682,
    "2년": 9274,
    "3년": 8740,
    "4년": 8248,
    "평균": 8986,
    "위도": 35.1457331120762,
    "경도": 129.066743215179,
    "지점번호": 159,
    "지점명": "부산",
    "노선": "부산도시철도 2호선"
  },
  {
    "역명": "문현",
    "주소": "부산광역시 남구 전포대로 지하17",
    "1년": 9893,
    "2년": 9516,
    "3년": 9036,
    "4년": 8343,
    "평균": 9197,
    "위도": 35.13915817492,
    "경도": 129.067279721594,
    "지점번호": 159,
    "지점명": "부산",
    "노선": "부산도시철도 2호선"
  },
  {
    "역명": "지게골",
    "주소": "부산광역시 남구 수영로 지하70 (문현동)",
    "1년": 5303,
    "2년": 5106,
    "3년": 4956,
    "4년": 4593,
    "평균": 4990,
    "위도": 35.1356276790372,
    "경도": 129.074233626935,
    "지점번호": 159,
    "지점명": "부산",
    "노선": "부산도시철도 2호선"
  },
  {
    "역명": "못골",
    "주소": "부산광역시 남구 수영로 지하170",
    "1년": 10115,
    "2년": 9314,
    "3년": 8573,
    "4년": 7874,
    "평균": 8969,
    "위도": 35.1347220937699,
    "경도": 129.084843311728,
    "지점번호": 159,
    "지점명": "부산",
    "노선": "부산도시철도 2호선"
  },
  {
    "역명": "대연",
    "주소": "부산광역시 남구 수영로 지하242",
    "1년": 19379,
    "2년": 18502,
    "3년": 17297,
    "4년": 15595,
    "평균": 17693,
    "위도": 35.1351177024593,
    "경도": 129.092296703101,
    "지점번호": 159,
    "지점명": "부산",
    "노선": "부산도시철도 2호선"
  },
  {
    "역명": "경성대·부경대",
    "주소": "부산광역시 남구 수영로 지하324",
    "1년": 32277,
    "2년": 31903,
    "3년": 29503,
    "4년": 24395,
    "평균": 29520,
    "위도": 35.1375576616452,
    "경도": 129.100441683595,
    "지점번호": 159,
    "지점명": "부산",
    "노선": "부산도시철도 2호선"
  },
  {
    "역명": "남천",
    "주소": "부산광역시 수영구 수영로 지하410",
    "1년": 15343,
    "2년": 13923,
    "3년": 11731,
    "4년": 10166,
    "평균": 12791,
    "위도": 35.1421527230017,
    "경도": 129.107970121975,
    "지점번호": 159,
    "지점명": "부산",
    "노선": "부산도시철도 2호선"
  },
  {
    "역명": "금련산",
    "주소": "부산광역시 수영구 수영로 지하482",
    "1년": 15592,
    "2년": 14401,
    "3년": 13507,
    "4년": 11471,
    "평균": 13743,
    "위도": 35.1497439256787,
    "경도": 129.110957301775,
    "지점번호": 159,
    "지점명": "부산",
    "노선": "부산도시철도 2호선"
  },
  {
    "역명": "광안",
    "주소": "부산광역시 수영구 수영로 지하576",
    "1년": 22874,
    "2년": 22093,
    "3년": 19887,
    "4년": 16701,
    "평균": 20389,
    "위도": 35.1579209174973,
    "경도": 129.113172707591,
    "지점번호": 159,
    "지점명": "부산",
    "노선": "부산도시철도 2호선"
  },
  {
    "역명": "수영",
    "주소": "부산광역시 수영구 수영로 지하677",
    "1년": 29844,
    "2년": 28479,
    "3년": 27036,
    "4년": 25200,
    "평균": 27640,
    "위도": 35.1658917101376,
    "경도": 129.114828522838,
    "지점번호": 159,
    "지점명": "부산",
    "노선": "부산도시철도 2호선"
  },
  {
    "역명": "민락",
    "주소": "부산광역시 수영구 수영로 지하769",
    "1년": 7092,
    "2년": 6849,
    "3년": 6481,
    "4년": 5878,
    "평균": 6575,
    "위도": 35.1670658260717,
    "경도": 129.122101093096,
    "지점번호": 159,
    "지점명": "부산",
    "노선": "부산도시철도 2호선"
  },
  {
    "역명": "센텀시티",
    "주소": "부산광역시 해운대구 센텀남대로 지하76",
    "1년": 40099,
    "2년": 38366,
    "3년": 34193,
    "4년": 28867,
    "평균": 35381,
    "위도": 35.1692784253147,
    "경도": 129.13236458411,
    "지점번호": 159,
    "지점명": "부산",
    "노선": "부산도시철도 2호선"
  },
  {
    "역명": "벡스코",
    "주소": "부산광역시 해운대구 해운대로 지하396",
    "1년": 32890,
    "2년": 31849,
    "3년": 29160,
    "4년": 21545,
    "평균": 28861,
    "위도": 35.1688870173585,
    "경도": 129.138876080584,
    "지점번호": 159,
    "지점명": "부산",
    "노선": "부산도시철도 2호선"
  },
  {
    "역명": "동백(부산)",
    "주소": "부산광역시 해운대구 해운대로 지하522",
    "1년": 13375,
    "2년": 13403,
    "3년": 12691,
    "4년": 11305,
    "평균": 12694,
    "위도": 35.1610629346171,
    "경도": 129.14868874994,
    "지점번호": 159,
    "지점명": "부산",
    "노선": "부산도시철도 2호선"
  },
  {
    "역명": "해운대",
    "주소": "부산광역시 해운대구 해운대로 지하626 (우동)",
    "1년": 27906,
    "2년": 26458,
    "3년": 23448,
    "4년": 18794,
    "평균": 24152,
    "위도": 35.1636437945006,
    "경도": 129.158873317353,
    "지점번호": 159,
    "지점명": "부산",
    "노선": "부산도시철도 2호선"
  },
  {
    "역명": "중동(부산)",
    "주소": "부산광역시 해운대구 해운대로 지하730 (중동)",
    "1년": 14708,
    "2년": 14065,
    "3년": 12963,
    "4년": 11300,
    "평균": 13259,
    "위도": 35.1666522512391,
    "경도": 129.168611487916,
    "지점번호": 159,
    "지점명": "부산",
    "노선": "부산도시철도 2호선"
  },
  {
    "역명": "장산",
    "주소": "부산광역시 해운대구 해운대로 지하820",
    "1년": 29010,
    "2년": 28412,
    "3년": 26831,
    "4년": 24411,
    "평균": 27166,
    "위도": 35.1699301998375,
    "경도": 129.176949540393,
    "지점번호": 159,
    "지점명": "부산",
    "노선": "부산도시철도 2호선"
  },
  {
    "역명": "대저",
    "주소": "부산광역시 강서구 낙동북로 295",
    "1년": 27862,
    "2년": 26803,
    "3년": 25197,
    "4년": 22494,
    "평균": 25589,
    "위도": 35.2133613094375,
    "경도": 128.961049641838,
    "지점번호": 296,
    "지점명": "북부산",
    "노선": "부산도시철도 3호선"
  },
  {
    "역명": "체육공원",
    "주소": "부산광역시 강서구 낙동북로 371 (대저1동)",
    "1년": 2019,
    "2년": 1780,
    "3년": 1499,
    "4년": 1158,
    "평균": 1614,
    "위도": 35.2125080419031,
    "경도": 128.969459807101,
    "지점번호": 296,
    "지점명": "북부산",
    "노선": "부산도시철도 3호선"
  },
  {
    "역명": "강서구청(부산)",
    "주소": "부산광역시 강서구 낙동북로 485",
    "1년": 5506,
    "2년": 5121,
    "3년": 4988,
    "4년": 4251,
    "평균": 4966,
    "위도": 35.2112192586654,
    "경도": 128.981959188289,
    "지점번호": 296,
    "지점명": "북부산",
    "노선": "부산도시철도 3호선"
  },
  {
    "역명": "구포",
    "주소": "부산광역시 북구 낙동대로 1697 (구포동)",
    "1년": 14042,
    "2년": 13024,
    "3년": 11488,
    "4년": 10708,
    "평균": 11740,
    "위도": 35.2066707011261,
    "경도": 128.996412729158,
    "지점번호": 296,
    "지점명": "북부산",
    "노선": "부산도시철도 3호선"
  },
  {
    "역명": "덕천",
    "주소": "부산광역시 북구 금곡대로 지하14",
    "1년": 34356,
    "2년": 33181,
    "3년": 31888,
    "4년": 29704,
    "평균": 32282,
    "위도": 35.2109774599591,
    "경도": 129.004972165013,
    "지점번호": 296,
    "지점명": "북부산",
    "노선": "부산도시철도 3호선"
  },
  {
    "역명": "숙등",
    "주소": "부산광역시 북구 만덕대로 지하79",
    "1년": 7905,
    "2년": 7070,
    "3년": 6212,
    "4년": 5802,
    "평균": 6747,
    "위도": 35.2121463367969,
    "경도": 129.013468826688,
    "지점번호": 296,
    "지점명": "북부산",
    "노선": "부산도시철도 3호선"
  },
  {
    "역명": "남산정",
    "주소": "부산광역시 북구 만덕대로 지하179",
    "1년": 9038,
    "2년": 8995,
    "3년": 8622,
    "4년": 8016,
    "평균": 8668,
    "위도": 35.2133300831394,
    "경도": 129.024155946176,
    "지점번호": 296,
    "지점명": "북부산",
    "노선": "부산도시철도 3호선"
  },
  {
    "역명": "만덕",
    "주소": "부산광역시 북구 만덕대로 지하291",
    "1년": 11919,
    "2년": 11884,
    "3년": 11417,
    "4년": 10071,
    "평균": 11323,
    "위도": 35.2129568402206,
    "경도": 129.036150805802,
    "지점번호": 296,
    "지점명": "북부산",
    "노선": "부산도시철도 3호선"
  },
  {
    "역명": "미남",
    "주소": "부산광역시 동래구 아시아드대로 지하232",
    "1년": 19175,
    "2년": 18550,
    "3년": 17641,
    "4년": 15355,
    "평균": 17680,
    "위도": 35.2055969458619,
    "경도": 129.068122269653,
    "지점번호": 296,
    "지점명": "북부산",
    "노선": "부산도시철도 3호선"
  },
  {
    "역명": "사직",
    "주소": "부산광역시 동래구 아시아드대로 지하153",
    "1년": 15237,
    "2년": 14054,
    "3년": 12868,
    "4년": 11065,
    "평균": 13306,
    "위도": 35.1989685416646,
    "경도": 129.065058574788,
    "지점번호": 296,
    "지점명": "북부산",
    "노선": "부산도시철도 3호선"
  },
  {
    "역명": "종합운동장(부산)",
    "주소": "부산광역시 연제구 아시아드대로 지하73 (거제동)",
    "1년": 13987,
    "2년": 11111,
    "3년": 9924,
    "4년": 8536,
    "평균": 10890,
    "위도": 35.191162,
    "경도": 129.066721,
    "지점번호": 159,
    "지점명": "부산",
    "노선": "부산도시철도 3호선"
  },
  {
    "역명": "거제",
    "주소": "부산광역시 연제구 월드컵대로 지하209",
    "1년": 16374,
    "2년": 15584,
    "3년": 14901,
    "4년": 12808,
    "평균": 14917,
    "위도": 35.1885466882058,
    "경도": 129.073960773744,
    "지점번호": 159,
    "지점명": "부산",
    "노선": "부산도시철도 3호선"
  },
  {
    "역명": "연산(부산)",
    "주소": "부산광역시 연제구 중앙대로 지하1101 (연산동)",
    "1년": 44834,
    "2년": 49981,
    "3년": 52416,
    "4년": 53207,
    "평균": 51868,
    "위도": 35.1860724027287,
    "경도": 129.081505014634,
    "지점번호": 159,
    "지점명": "부산",
    "노선": "부산도시철도 3호선"
  },
  {
    "역명": "물만골",
    "주소": "부산광역시 연제구 월드컵대로 지하23",
    "1년": 7433,
    "2년": 7196,
    "3년": 6892,
    "4년": 6203,
    "평균": 6931,
    "위도": 35.1767585696312,
    "경도": 129.085607407773,
    "지점번호": 159,
    "지점명": "부산",
    "노선": "부산도시철도 3호선"
  },
  {
    "역명": "배산",
    "주소": "부산광역시 연제구 연수로 지하229",
    "1년": 8661,
    "2년": 8550,
    "3년": 8252,
    "4년": 7754,
    "평균": 8304,
    "위도": 35.1734597519057,
    "경도": 129.09572992884,
    "지점번호": 159,
    "지점명": "부산",
    "노선": "부산도시철도 3호선"
  },
  {
    "역명": "망미",
    "주소": "부산광역시 수영구 연수로 지하337",
    "1년": 9131,
    "2년": 8848,
    "3년": 8534,
    "4년": 7826,
    "평균": 8585,
    "위도": 35.1715290770619,
    "경도": 129.108315182357,
    "지점번호": 159,
    "지점명": "부산",
    "노선": "부산도시철도 3호선"
  },
  {
    "역명": "수영",
    "주소": "부산광역시 수영구 수영로 지하677",
    "1년": 29844,
    "2년": 28479,
    "3년": 27036,
    "4년": 25200,
    "평균": 27640,
    "위도": 35.1658917101376,
    "경도": 129.114828522838,
    "지점번호": 159,
    "지점명": "부산",
    "노선": "부산도시철도 3호선"
  },
  {
    "역명": "안평",
    "주소": "부산광역시 기장군 철마면 반송로 1101 (안평리)",
    "1년": 3787,
    "2년": 3857,
    "3년": 3754,
    "4년": 3472,
    "평균": 3718,
    "위도": 35.2375139330931,
    "경도": 129.172045993745,
    "지점번호": 257,
    "지점명": "양산시",
    "노선": "부산도시철도 4호선"
  },
  {
    "역명": "고촌(부산)",
    "주소": "부산광역시 기장군 철마면 반송로 991",
    "1년": 1085,
    "2년": 1079,
    "3년": 1059,
    "4년": 1016,
    "평균": 1060,
    "위도": 35.2359709392736,
    "경도": 129.160444908653,
    "지점번호": 257,
    "지점명": "양산시",
    "노선": "부산도시철도 4호선"
  },
  {
    "역명": "윗반송",
    "주소": "부산광역시 해운대구 반송로 917 (반송동)",
    "1년": 4781,
    "2년": 4696,
    "3년": 4518,
    "4년": 4320,
    "평균": 4579,
    "위도": 35.2324239126014,
    "경도": 129.153808006776,
    "지점번호": 257,
    "지점명": "양산시",
    "노선": "부산도시철도 4호선"
  },
  {
    "역명": "영산대",
    "주소": "부산광역시 해운대구 반송로 803 (반송동)",
    "1년": 5256,
    "2년": 5237,
    "3년": 5122,
    "4년": 4796,
    "평균": 5103,
    "위도": 35.2256086484524,
    "경도": 129.146159216603,
    "지점번호": 257,
    "지점명": "양산시",
    "노선": "부산도시철도 4호선"
  },
  {
    "역명": "석대",
    "주소": "부산광역시 해운대구 석대천로 121",
    "1년": 315,
    "2년": 318,
    "3년": 322,
    "4년": 346,
    "평균": 325,
    "위도": 35.2181127800416,
    "경도": 129.136827064424,
    "지점번호": 257,
    "지점명": "양산시",
    "노선": "부산도시철도 4호선"
  },
  {
    "역명": "반여농산물시장",
    "주소": "부산광역시 해운대구 반송로 550",
    "1년": 3829,
    "2년": 3826,
    "3년": 3867,
    "4년": 3738,
    "평균": 3815,
    "위도": 35.2177593254883,
    "경도": 129.12401666075,
    "지점번호": 257,
    "지점명": "양산시",
    "노선": "부산도시철도 4호선"
  },
  {
    "역명": "금사",
    "주소": "부산광역시 금정구 반송로 지하465",
    "1년": 3396,
    "2년": 3334,
    "3년": 3134,
    "4년": 3061,
    "평균": 3231,
    "위도": 35.2157853,
    "경도": 129.1151423,
    "지점번호": 257,
    "지점명": "양산시",
    "노선": "부산도시철도 4호선"
  },
  {
    "역명": "서동",
    "주소": "부산광역시 금정구 반송로 지하387",
    "1년": 4633,
    "2년": 4427,
    "3년": 4271,
    "4년": 4052,
    "평균": 4346,
    "위도": 35.2131611,
    "경도": 129.1075182,
    "지점번호": 257,
    "지점명": "양산시",
    "노선": "부산도시철도 4호선"
  },
  {
    "역명": "명장",
    "주소": "부산광역시 동래구 반송로 지하281",
    "1년": 5920,
    "2년": 5763,
    "3년": 5504,
    "4년": 5157,
    "평균": 5586,
    "위도": 35.2051828360765,
    "경도": 129.101735140476,
    "지점번호": 159,
    "지점명": "부산",
    "노선": "부산도시철도 4호선"
  },
  {
    "역명": "충렬사",
    "주소": "부산광역시 동래구 반송로 지하205 (안락동)",
    "1년": 6385,
    "2년": 6047,
    "3년": 5780,
    "4년": 5398,
    "평균": 5902,
    "위도": 35.1996929219836,
    "경도": 129.097539258279,
    "지점번호": 159,
    "지점명": "부산",
    "노선": "부산도시철도 4호선"
  },
  {
    "역명": "낙민",
    "주소": "부산광역시 동래구 충렬대로 지하285",
    "1년": 3462,
    "2년": 3259,
    "3년": 3253,
    "4년": 2934,
    "평균": 3227,
    "위도": 35.2002123131885,
    "경도": 129.090775163695,
    "지점번호": 159,
    "지점명": "부산",
    "노선": "부산도시철도 4호선"
  },
  {
    "역명": "수안",
    "주소": "부산광역시 동래구 충렬대로 지하223",
    "1년": 7533,
    "2년": 6893,
    "3년": 6382,
    "4년": 5911,
    "평균": 6680,
    "위도": 35.2018368298853,
    "경도": 129.083897697782,
    "지점번호": 296,
    "지점명": "북부산",
    "노선": "부산도시철도 4호선"
  },
  {
    "역명": "동래",
    "주소": "부산광역시 동래구 중앙대로 1324 (온천동)",
    "1년": 41425,
    "2년": 40847,
    "3년": 39181,
    "4년": 34516,
    "평균": 38992,
    "위도": 35.205618039108,
    "경도": 129.078480143881,
    "지점번호": 296,
    "지점명": "북부산",
    "노선": "부산도시철도 4호선"
  },
  {
    "역명": "미남",
    "주소": "부산광역시 동래구 아시아드대로 지하232",
    "1년": 19175,
    "2년": 18550,
    "3년": 17641,
    "4년": 15355,
    "평균": 17680,
    "위도": 35.2055969458619,
    "경도": 129.068122269653,
    "지점번호": 296,
    "지점명": "북부산",
    "노선": "부산도시철도 4호선"
  },
  {
    "역명": "태화강",
    "주소": "울산광역시 남구 산업로 654 (삼산동)",
    "1년": 0,
    "2년": 14120,
    "3년": 9034,
    "4년": 9404,
    "평균": 10853,
    "위도": 35.5383548270265,
    "경도": 129.353666998283,
    "지점번호": 152,
    "지점명": "울산",
    "노선": "부산도시철도 동해선"
  },
  {
    "역명": "개운포",
    "주소": "울산광역시 남구 산업로 133",
    "1년": 452,
    "2년": 361,
    "3년": 309,
    "4년": 283,
    "평균": 351,
    "위도": 35.5076156322014,
    "경도": 129.320952440028,
    "지점번호": 152,
    "지점명": "울산",
    "노선": "부산도시철도 동해선"
  },
  {
    "역명": "덕하",
    "주소": "울산광역시 울주군 청량읍 덕하로 229",
    "1년": 976,
    "2년": 865,
    "3년": 767,
    "4년": 863,
    "평균": 868,
    "위도": 35.493751556952,
    "경도": 129.303549815497,
    "지점번호": 152,
    "지점명": "울산",
    "노선": "부산도시철도 동해선"
  },
  {
    "역명": "망양",
    "주소": "울산광역시 울주군 온양읍 남창로 911",
    "1년": 557,
    "2년": 479,
    "3년": 373,
    "4년": 353,
    "평균": 440,
    "위도": 35.4562179836827,
    "경도": 129.28825066399,
    "지점번호": 152,
    "지점명": "울산",
    "노선": "부산도시철도 동해선"
  },
  {
    "역명": "남창",
    "주소": "울산광역시 울주군 온양읍 남창역길 40 (남창리)",
    "1년": 2119,
    "2년": 2100,
    "3년": 2729,
    "4년": 2681,
    "평균": 2503,
    "위도": 35.4171163943277,
    "경도": 129.283439613347,
    "지점번호": 152,
    "지점명": "울산",
    "노선": "부산도시철도 동해선"
  },
  {
    "역명": "서생",
    "주소": "울산광역시 울주군 서생면 화산발리로 1",
    "1년": 1184,
    "2년": 997,
    "3년": 810,
    "4년": 752,
    "평균": 936,
    "위도": 35.3461267934052,
    "경도": 129.293302611307,
    "지점번호": 257,
    "지점명": "양산시",
    "노선": "부산도시철도 동해선"
  },
  {
    "역명": "월내",
    "주소": "부산광역시 기장군 장안읍 해맞이로 351-31",
    "1년": 1207,
    "2년": 1129,
    "3년": 1027,
    "4년": 1047,
    "평균": 1102,
    "위도": 35.3279031956242,
    "경도": 129.276513273439,
    "지점번호": 257,
    "지점명": "양산시",
    "노선": "부산도시철도 동해선"
  },
  {
    "역명": "좌천",
    "주소": "부산광역시 동구 중앙대로 지하446 (좌천동)",
    "1년": 8197,
    "2년": 7558,
    "3년": 6858,
    "4년": 6248,
    "평균": 7215,
    "위도": 35.1343024702659,
    "경도": 129.054309788509,
    "지점번호": 159,
    "지점명": "부산",
    "노선": "부산도시철도 동해선"
  },
  {
    "역명": "일광",
    "주소": "부산광역시 기장군 일광읍 일광로 111-10",
    "1년": 5223,
    "2년": 5160,
    "3년": 5011,
    "4년": 5582,
    "평균": 5244,
    "위도": 35.2674453139922,
    "경도": 129.233116919565,
    "지점번호": 257,
    "지점명": "양산시",
    "노선": "부산도시철도 동해선"
  },
  {
    "역명": "기장",
    "주소": "부산광역시 기장군 기장읍 차성로288번길 86 (대라리)",
    "1년": 7057,
    "2년": 7033,
    "3년": 7293,
    "4년": 6055,
    "평균": 6794,
    "위도": 35.243815709882,
    "경도": 129.218740173832,
    "지점번호": 257,
    "지점명": "양산시",
    "노선": "부산도시철도 동해선"
  },
  {
    "역명": "오시리아",
    "주소": "부산광역시 기장군 기장읍 동부산관광5로 14",
    "1년": 4571,
    "2년": 4490,
    "3년": 4441,
    "4년": 2684,
    "평균": 4046,
    "위도": 35.1962172977472,
    "경도": 129.208261122077,
    "지점번호": 159,
    "지점명": "부산",
    "노선": "부산도시철도 동해선"
  },
  {
    "역명": "송정(부산)",
    "주소": "부산광역시 해운대구 해운대로 1147",
    "1년": 3232,
    "2년": 3194,
    "3년": 3059,
    "4년": 2379,
    "평균": 2966,
    "위도": 35.1875941499362,
    "경도": 129.202458012372,
    "지점번호": 159,
    "지점명": "부산",
    "노선": "부산도시철도 동해선"
  },
  {
    "역명": "신해운대",
    "주소": "부산광역시 해운대구 장산로 427 (좌동)",
    "1년": 5568,
    "2년": 5361,
    "3년": 5436,
    "4년": 4289,
    "평균": 5029,
    "위도": 35.1816946779862,
    "경도": 129.177032074409,
    "지점번호": 159,
    "지점명": "부산",
    "노선": "부산도시철도 동해선"
  },
  {
    "역명": "벡스코",
    "주소": "부산광역시 해운대구 해운대로 지하396",
    "1년": 32890,
    "2년": 31849,
    "3년": 29160,
    "4년": 21545,
    "평균": 28861,
    "위도": 35.1688870173585,
    "경도": 129.138876080584,
    "지점번호": 159,
    "지점명": "부산",
    "노선": "부산도시철도 동해선"
  },
  {
    "역명": "센텀",
    "주소": "부산광역시 해운대구 해운대로 210 (재송동)",
    "1년": 4498,
    "2년": 4302,
    "3년": 3911,
    "4년": 3570,
    "평균": 3928,
    "위도": 35.1794753973039,
    "경도": 129.124554780419,
    "지점번호": 159,
    "지점명": "부산",
    "노선": "부산도시철도 동해선"
  },
  {
    "역명": "재송",
    "주소": "부산광역시 해운대구 해운대로 100",
    "1년": 2928,
    "2년": 2735,
    "3년": 2645,
    "4년": 2263,
    "평균": 2643,
    "위도": 35.1882250168273,
    "경도": 129.120431001987,
    "지점번호": 159,
    "지점명": "부산",
    "노선": "부산도시철도 동해선"
  },
  {
    "역명": "부산원동",
    "주소": "부산광역시 동래구 안락동 1063-1",
    "1년": 3716,
    "2년": 3449,
    "3년": 3139,
    "4년": 2557,
    "평균": 3215,
    "위도": 35.1940419010905,
    "경도": 129.114022549924,
    "지점번호": 159,
    "지점명": "부산",
    "노선": "부산도시철도 동해선"
  },
  {
    "역명": "안락",
    "주소": "부산광역시 동래구 안연로98번길 57",
    "1년": 3533,
    "2년": 3322,
    "3년": 3116,
    "4년": 2742,
    "평균": 3178,
    "위도": 35.1960206246922,
    "경도": 129.100549414816,
    "지점번호": 159,
    "지점명": "부산",
    "노선": "부산도시철도 동해선"
  },
  {
    "역명": "동래",
    "주소": "부산광역시 동래구 중앙대로 1324 (온천동)",
    "1년": 41425,
    "2년": 40847,
    "3년": 39181,
    "4년": 34516,
    "평균": 38992,
    "위도": 35.205618039108,
    "경도": 129.078480143881,
    "지점번호": 296,
    "지점명": "북부산",
    "노선": "부산도시철도 동해선"
  },
  {
    "역명": "교대(부산)",
    "주소": "부산광역시 연제구 중앙대로 지하1217",
    "1년": 37720,
    "2년": 37507,
    "3년": 35728,
    "4년": 30167,
    "평균": 35280,
    "위도": 35.1960996522297,
    "경도": 129.079888998569,
    "지점번호": 159,
    "지점명": "부산",
    "노선": "부산도시철도 동해선"
  },
  {
    "역명": "거제",
    "주소": "부산광역시 연제구 월드컵대로 지하209",
    "1년": 16374,
    "2년": 15584,
    "3년": 14901,
    "4년": 12808,
    "평균": 14917,
    "위도": 35.1885466882058,
    "경도": 129.073960773744,
    "지점번호": 159,
    "지점명": "부산",
    "노선": "부산도시철도 동해선"
  },
  {
    "역명": "거제해맞이",
    "주소": "부산광역시 연제구 해맞이로 92",
    "1년": 2434,
    "2년": 2178,
    "3년": 2060,
    "4년": 1754,
    "평균": 2106,
    "위도": 35.1812629,
    "경도": 129.0690216,
    "지점번호": 159,
    "지점명": "부산",
    "노선": "부산도시철도 동해선"
  },
  {
    "역명": "부전",
    "주소": "부산광역시 부산진구 중앙대로 지하786 (부전동)",
    "1년": 42558,
    "2년": 41260,
    "3년": 38280,
    "4년": 35525,
    "평균": 38355,
    "위도": 35.1626355663375,
    "경도": 129.063011866198,
    "지점번호": 159,
    "지점명": "부산",
    "노선": "부산도시철도 동해선"
  },
  {
    "역명": "가야대",
    "주소": "경상남도 김해시 해반천로 211 ",
    "1년": 4659,
    "2년": 4648,
    "3년": 4385,
    "4년": 3497,
    "평균": 4297,
    "위도": 35.2667272134317,
    "경도": 128.865070349628,
    "지점번호": 253,
    "지점명": "김해시",
    "노선": "부산도시철도 부산김해선"
  },
  {
    "역명": "장신대",
    "주소": "경상남도 김해시 해반천로 129 (삼계동)",
    "1년": 4093,
    "2년": 4091,
    "3년": 3905,
    "4년": 3427,
    "평균": 3879,
    "위도": 35.2595564155339,
    "경도": 128.86711419315,
    "지점번호": 253,
    "지점명": "김해시",
    "노선": "부산도시철도 부산김해선"
  },
  {
    "역명": "연지공원",
    "주소": "경상남도 김해시 해반천로 5 (구산동)",
    "1년": 2599,
    "2년": 2597,
    "3년": 2356,
    "4년": 1955,
    "평균": 2377,
    "위도": 35.2496576259019,
    "경도": 128.869290834259,
    "지점번호": 253,
    "지점명": "김해시",
    "노선": "부산도시철도 부산김해선"
  },
  {
    "역명": "박물관",
    "주소": "경상남도 김해시 김해대로 2103",
    "1년": 3163,
    "2년": 3130,
    "3년": 2903,
    "4년": 2564,
    "평균": 2940,
    "위도": 35.2400862503955,
    "경도": 128.871947189134,
    "지점번호": 253,
    "지점명": "김해시",
    "노선": "부산도시철도 부산김해선"
  },
  {
    "역명": "수로왕릉",
    "주소": "경상남도 김해시 김해대로 2181",
    "1년": 4928,
    "2년": 4916,
    "3년": 4735,
    "4년": 4299,
    "평균": 4720,
    "위도": 35.2328215829821,
    "경도": 128.872240111106,
    "지점번호": 253,
    "지점명": "김해시",
    "노선": "부산도시철도 부산김해선"
  },
  {
    "역명": "봉황",
    "주소": "경상남도 김해시 김해대로 2249",
    "1년": 4147,
    "2년": 4130,
    "3년": 3926,
    "4년": 3522,
    "평균": 3931,
    "위도": 35.2273672069338,
    "경도": 128.874407756922,
    "지점번호": 253,
    "지점명": "김해시",
    "노선": "부산도시철도 부산김해선"
  },
  {
    "역명": "부원",
    "주소": "경상남도 김해시 김해대로 2350",
    "1년": 5230,
    "2년": 5148,
    "3년": 4755,
    "4년": 4144,
    "평균": 4819,
    "위도": 35.2265092960786,
    "경도": 128.883923956354,
    "지점번호": 253,
    "지점명": "김해시",
    "노선": "부산도시철도 부산김해선"
  },
  {
    "역명": "김해시청",
    "주소": "경상남도 김해시 김해대로 2408",
    "1년": 2109,
    "2년": 2074,
    "3년": 1879,
    "4년": 1671,
    "평균": 1933,
    "위도": 35.2270626690298,
    "경도": 128.890416240368,
    "지점번호": 253,
    "지점명": "김해시",
    "노선": "부산도시철도 부산김해선"
  },
  {
    "역명": "인제대",
    "주소": "경상남도 김해시 김해대로 2515 (삼정동)",
    "1년": 3925,
    "2년": 3890,
    "3년": 3669,
    "4년": 3172,
    "평균": 3664,
    "위도": 35.2280560306865,
    "경도": 128.901758771493,
    "지점번호": 253,
    "지점명": "김해시",
    "노선": "부산도시철도 부산김해선"
  },
  {
    "역명": "김해대학",
    "주소": "경상남도 김해시 김해대로 2641",
    "1년": 1757,
    "2년": 1596,
    "3년": 1447,
    "4년": 1430,
    "평균": 1558,
    "위도": 35.2289750091963,
    "경도": 128.915616439712,
    "지점번호": 253,
    "지점명": "김해시",
    "노선": "부산도시철도 부산김해선"
  },
  {
    "역명": "지내",
    "주소": "경상남도 김해시 김해대로 2718 (지내동)",
    "1년": 2086,
    "2년": 2065,
    "3년": 1954,
    "4년": 1763,
    "평균": 1967,
    "위도": 35.2275753623512,
    "경도": 128.92368462068,
    "지점번호": 253,
    "지점명": "김해시",
    "노선": "부산도시철도 부산김해선"
  },
  {
    "역명": "불암",
    "주소": "경상남도 김해시 김해대로 2787",
    "1년": 1000,
    "2년": 990,
    "3년": 920,
    "4년": 850,
    "평균": 940,
    "위도": 35.2222069329894,
    "경도": 128.927825488847,
    "지점번호": 296,
    "지점명": "북부산",
    "노선": "부산도시철도 부산김해선"
  },
  {
    "역명": "대사",
    "주소": "부산광역시 강서구 낙동북로 82",
    "1년": 905,
    "2년": 869,
    "3년": 823,
    "4년": 820,
    "평균": 854,
    "위도": 35.2176572092674,
    "경도": 128.938417239188,
    "지점번호": 296,
    "지점명": "북부산",
    "노선": "부산도시철도 부산김해선"
  },
  {
    "역명": "평강",
    "주소": "부산광역시 강서구 낙동북로 199 (대저1동)",
    "1년": 655,
    "2년": 634,
    "3년": 567,
    "4년": 553,
    "평균": 602,
    "위도": 35.2140122285447,
    "경도": 128.950733435781,
    "지점번호": 296,
    "지점명": "북부산",
    "노선": "부산도시철도 부산김해선"
  },
  {
    "역명": "대저",
    "주소": "부산광역시 강서구 낙동북로 295",
    "1년": 27862,
    "2년": 26803,
    "3년": 25197,
    "4년": 22494,
    "평균": 25589,
    "위도": 35.2133613094375,
    "경도": 128.961049641838,
    "지점번호": 296,
    "지점명": "북부산",
    "노선": "부산도시철도 부산김해선"
  },
  {
    "역명": "등구",
    "주소": "부산광역시 강서구 경전철로 194",
    "1년": 456,
    "2년": 452,
    "3년": 431,
    "4년": 425,
    "평균": 441,
    "위도": 35.1961434172276,
    "경도": 128.963598999507,
    "지점번호": 296,
    "지점명": "북부산",
    "노선": "부산도시철도 부산김해선"
  },
  {
    "역명": "덕두",
    "주소": "부산광역시 강서구 경전철로 10",
    "1년": 2237,
    "2년": 2183,
    "3년": 1822,
    "4년": 1452,
    "평균": 1924,
    "위도": 35.1820003381286,
    "경도": 128.954198302529,
    "지점번호": 296,
    "지점명": "북부산",
    "노선": "부산도시철도 부산김해선"
  },
  {
    "역명": "공항(부산)",
    "주소": "부산광역시 강서구 공항진입로 165",
    "1년": 10152,
    "2년": 9644,
    "3년": 9218,
    "4년": 9147,
    "평균": 9540,
    "위도": 35.1719068103559,
    "경도": 128.948586846191,
    "지점번호": 296,
    "지점명": "북부산",
    "노선": "부산도시철도 부산김해선"
  },
  {
    "역명": "서부산유통지구",
    "주소": "부산광역시 강서구 유통단지1로57번길 7",
    "1년": 2773,
    "2년": 2752,
    "3년": 2582,
    "4년": 2437,
    "평균": 2636,
    "위도": 35.1664020385176,
    "경도": 128.954888138841,
    "지점번호": 296,
    "지점명": "북부산",
    "노선": "부산도시철도 부산김해선"
  },
  {
    "역명": "괘법르네시떼",
    "주소": "부산광역시 사상구 광장로 9",
    "1년": 2863,
    "2년": 2807,
    "3년": 2485,
    "4년": 2259,
    "평균": 2604,
    "위도": 35.1632615956026,
    "경도": 128.977683601466,
    "지점번호": 296,
    "지점명": "북부산",
    "노선": "부산도시철도 부산김해선"
  },
  {
    "역명": "사상",
    "주소": "부산광역시 사상구 광장로 83 (괘법동)",
    "1년": 59107,
    "2년": 54794,
    "3년": 48279,
    "4년": 45980,
    "평균": 49684,
    "위도": 35.1623018019972,
    "경도": 128.985940757007,
    "지점번호": 296,
    "지점명": "북부산",
    "노선": "부산도시철도 부산김해선"
  }
]