[
  {
    "역명": "하양",
    "주소": "경상북도 경산시 하양읍 하양역길 1",
    "위도": 35.9100700093686,
    "경도": 128.81836879295,
    "지점번호": 281,
    "지점명": "영천",
    "노선": "대구도시철도 1호선"
  },
  {
    "역명": "부호",
    "주소": "경상북도 경산시 하양읍 대경로 528 (부호리)",
    "위도": 35.9001837673514,
    "경도": 128.803172477123,
    "지점번호": 143,
    "지점명": "대구",
    "노선": "대구도시철도 1호선"
  },
  {
    "역명": "대구한의대병원",
    "주소": "대구광역시 동구 안심로 610 (사복동)",
    "위도": 35.8719502592878,
    "경도": 128.750650836014,
    "지점번호": 143,
    "지점명": "대구",
    "노선": "대구도시철도 1호선"
  },
  {
    "역명": "안심",
    "주소": "대구광역시 동구 안심로 지하455 (괴전동)",
    "위도": 35.8712803753692,
    "경도": 128.733772871365,
    "지점번호": 143,
    "지점명": "대구",
    "노선": "대구도시철도 1호선"
  },
  {
    "역명": "각산",
    "주소": "대구광역시 동구 안심로 지하363 (신서동)",
    "위도": 35.8680021651868,
    "경도": 128.724165388395,
    "지점번호": 143,
    "지점명": "대구",
    "노선": "대구도시철도 1호선"
  },
  {
    "역명": "반야월",
    "주소": "대구광역시 동구 안심로 지하261 (동호동)",
    "위도": 35.8659888735073,
    "경도": 128.713656558767,
    "지점번호": 143,
    "지점명": "대구",
    "노선": "대구도시철도 1호선"
  },
  {
    "역명": "신기(대구)",
    "주소": "대구광역시 동구 안심로 지하159 (율하동)",
    "위도": 35.8667008193255,
    "경도": 128.702475235316,
    "지점번호": 143,
    "지점명": "대구",
    "노선": "대구도시철도 1호선"
  },
  {
    "역명": "율하",
    "주소": "대구광역시 동구 안심로 지하57 (율하동)",
    "위도": 35.8697780719486,
    "경도": 128.692779243132,
    "지점번호": 143,
    "지점명": "대구",
    "노선": "대구도시철도 1호선"
  },
  {
    "역명": "용계",
    "주소": "대구광역시 동구 동촌로 지하383 (용계동)",
    "위도": 35.8762453850392,
    "경도": 128.681644193766,
    "지점번호": 143,
    "지점명": "대구",
    "노선": "대구도시철도 1호선"
  },
  {
    "역명": "방촌",
    "주소": "대구광역시 동구 동촌로 지하275 (방촌동)",
    "위도": 35.8796374696144,
    "경도": 128.67012075056,
    "지점번호": 143,
    "지점명": "대구",
    "노선": "대구도시철도 1호선"
  },
  {
    "역명": "해안",
    "주소": "대구광역시 동구 동촌로 지하167 (방촌동)",
    "위도": 35.88350285674,
    "경도": 128.659918132912,
    "지점번호": 143,
    "지점명": "대구",
    "노선": "대구도시철도 1호선"
  },
  {
    "역명": "동촌",
    "주소": "대구광역시 동구 해동로 지하197 (검사동)",
    "위도": 35.8859617817579,
    "경도": 128.650457826797,
    "지점번호": 143,
    "지점명": "대구",
    "노선": "대구도시철도 1호선"
  },
  {
    "역명": "아양교",
    "주소": "대구광역시 동구 아양로 지하245 (신암동)",
    "위도": 35.8871190029575,
    "경도": 128.639644975751,
    "지점번호": 143,
    "지점명": "대구",
    "노선": "대구도시철도 1호선"
  },
  {
    "역명": "동구청",
    "주소": "대구광역시 동구 신암남로 지하169 (신암동 369)",
    "위도": 35.8842379937945,
    "경도": 128.632083488086,
    "지점번호": 143,
    "지점명": "대구",
    "노선": "대구도시철도 1호선"
  },
  {
    "역명": "동대구",
    "주소": "대구광역시 동구 동대구로 지하530 (신천동)",
    "위도": 35.8774298682917,
    "경도": 128.62732526467,
    "지점번호": 143,
    "지점명": "대구",
    "노선": "대구도시철도 1호선"
  },
  {
    "역명": "신천(대구)",
    "주소": "대구광역시 동구 동부로 지하41 (신천동 741)",
    "위도": 35.874633410353,
    "경도": 128.617650223636,
    "지점번호": 143,
    "지점명": "대구",
    "노선": "대구도시철도 1호선"
  },
  {
    "역명": "칠성시장",
    "주소": "대구광역시 북구 칠성남로 지하222 (칠성동1가 278-1)",
    "위도": 35.8761274529496,
    "경도": 128.605168503159,
    "지점번호": 143,
    "지점명": "대구",
    "노선": "대구도시철도 1호선"
  },
  {
    "역명": "대구한의대병원",
    "주소": "대구광역시 동구 안심로 610 (사복동)",
    "위도": 35.8719502592878,
    "경도": 128.750650836014,
    "지점번호": 143,
    "지점명": "대구",
    "노선": "대구도시철도 1호선"
  },
  {
    "역명": "중앙로(대구)",
    "주소": "대구광역시 중구 중앙대로 지하424 (남일동 143-1)",
    "위도": 35.8709646122443,
    "경도": 128.594012924936,
    "지점번호": 143,
    "지점명": "대구",
    "노선": "대구도시철도 1호선"
  },
  {
    "역명": "반월당",
    "주소": "대구광역시 중구 달구벌대로 지하2100 (덕산동 88)",
    "위도": 35.8644213158621,
    "경도": 128.593340834492,
    "지점번호": 143,
    "지점명": "대구",
    "노선": "대구도시철도 1호선"
  },
  {
    "역명": "명덕",
    "주소": "대구광역시 남구 명덕로 186 (대명동)",
    "위도": 35.8568886138782,
    "경도": 128.590358222643,
    "지점번호": 143,
    "지점명": "대구",
    "노선": "대구도시철도 1호선"
  },
  {
    "역명": "교대(대구)",
    "주소": "대구광역시 남구 중앙대로 지하194 (대명동)",
    "위도": 35.8500946138926,
    "경도": 128.590595753027,
    "지점번호": 143,
    "지점명": "대구",
    "노선": "대구도시철도 1호선"
  },
  {
    "역명": "영대병원",
    "주소": "대구광역시 남구 대명로 지하292 (대명동 224)",
    "위도": 35.843950327515,
    "경도": 128.587618311848,
    "지점번호": 143,
    "지점명": "대구",
    "노선": "대구도시철도 1호선"
  },
  {
    "역명": "현충로",
    "주소": "대구광역시 남구 대명로 지하222 (대명동 1291-13)",
    "위도": 35.8411755565813,
    "경도": 128.581924140795,
    "지점번호": 143,
    "지점명": "대구",
    "노선": "대구도시철도 1호선"
  },
  {
    "역명": "안지랑",
    "주소": "대구광역시 남구 대명로 지하141 (대명동 1291-13)",
    "위도": 35.8392666155309,
    "경도": 128.57317635059,
    "지점번호": 143,
    "지점명": "대구",
    "노선": "대구도시철도 1호선"
  },
  {
    "역명": "대명",
    "주소": "대구광역시 남구 대명로 지하71 (대명동 1291)",
    "위도": 35.8393139560409,
    "경도": 128.565377667483,
    "지점번호": 143,
    "지점명": "대구",
    "노선": "대구도시철도 1호선"
  },
  {
    "역명": "서부정류장",
    "주소": "대구광역시 남구 월배로 지하501 (대명동 1576-21)",
    "위도": 35.8371280140155,
    "경도": 128.557028988871,
    "지점번호": 143,
    "지점명": "대구",
    "노선": "대구도시철도 1호선"
  },
  {
    "역명": "송현",
    "주소": "대구광역시 달서구 월배로 지하412 (송현동 950)",
    "위도": 35.8310680580574,
    "경도": 128.551746354865,
    "지점번호": 143,
    "지점명": "대구",
    "노선": "대구도시철도 1호선"
  },
  {
    "역명": "월촌",
    "주소": "대구광역시 달서구 월배로 지하311 (송현동 2041)",
    "위도": 35.8237325283715,
    "경도": 128.545490846925,
    "지점번호": 143,
    "지점명": "대구",
    "노선": "대구도시철도 1호선"
  },
  {
    "역명": "상인",
    "주소": "대구광역시 달서구 월배로 지하223 (상인동 204-4)",
    "위도": 35.8189519841654,
    "경도": 128.537897144007,
    "지점번호": 143,
    "지점명": "대구",
    "노선": "대구도시철도 1호선"
  },
  {
    "역명": "월배",
    "주소": "대구광역시 달서구 월배로 지하143 (진천동 49-4)",
    "위도": 35.8161414091445,
    "경도": 128.53032556924,
    "지점번호": 143,
    "지점명": "대구",
    "노선": "대구도시철도 1호선"
  },
  {
    "역명": "진천",
    "주소": "대구광역시 달서구 월배로 지하76 (진천동 608-4)",
    "위도": 35.8138906159416,
    "경도": 128.523115492873,
    "지점번호": 143,
    "지점명": "대구",
    "노선": "대구도시철도 1호선"
  },
  {
    "역명": "대곡(대구)",
    "주소": "대구광역시 달서구 비슬로 지하2718 (대곡동 946)",
    "위도": 35.8094387559809,
    "경도": 128.512485512452,
    "지점번호": 143,
    "지점명": "대구",
    "노선": "대구도시철도 1호선"
  },
  {
    "역명": "화원",
    "주소": "대구광역시 달성군 화원읍 비슬로 지하 2600 (천내리 896-1)",
    "위도": 35.8044340709675,
    "경도": 128.500678990227,
    "지점번호": 143,
    "지점명": "대구",
    "노선": "대구도시철도 1호선"
  },
  {
    "역명": "화원",
    "주소": "대구광역시 달성군 화원읍 비슬로 지하 2600 (천내리 896-1)",
    "위도": 35.8044340709675,
    "경도": 128.500678990227,
    "지점번호": 143,
    "지점명": "대구",
    "노선": "대구도시철도 1호선"
  },
  {
    "역명": "설화명곡",
    "주소": "대구광역시 달성군 화원읍 비슬로 2476 (설화리) 562-1",
    "위도": 35.7987183,
    "경도": 128.4893179,
    "지점번호": 143,
    "지점명": "대구",
    "노선": "대구도시철도 1호선"
  },
  {
    "역명": "문양",
    "주소": "대구광역시 달성군 다사읍 문양역길 71 (문양리 400)",
    "위도": 35.8640792502072,
    "경도": 128.437092441158,
    "지점번호": 143,
    "지점명": "대구",
    "노선": "대구도시철도 2호선"
  },
  {
    "역명": "다사",
    "주소": "대구광역시 달성군 다사읍 다사역로 지하30 (매곡리) 689-1",
    "위도": 35.8649471,
    "경도": 128.4582779,
    "지점번호": 143,
    "지점명": "대구",
    "노선": "대구도시철도 2호선"
  },
  {
    "역명": "대실",
    "주소": "대구광역시 달성군 다사읍 달구벌대로 지하888 (죽곡리 242-2)",
    "위도": 35.8572766461263,
    "경도": 128.465657834285,
    "지점번호": 143,
    "지점명": "대구",
    "노선": "대구도시철도 2호선"
  },
  {
    "역명": "강창",
    "주소": "대구광역시 달서구 달구벌대로 지하1014 (호산동 102-2)",
    "위도": 35.8530784098405,
    "경도": 128.478343767188,
    "지점번호": 143,
    "지점명": "대구",
    "노선": "대구도시철도 2호선"
  },
  {
    "역명": "계명대",
    "주소": "대구광역시 달서구 달구벌대로 지하1140 (신당동 1034-4)",
    "위도": 35.8515042125557,
    "경도": 128.491979054503,
    "지점번호": 143,
    "지점명": "대구",
    "노선": "대구도시철도 2호선"
  },
  {
    "역명": "성서산업단지",
    "주소": "대구광역시 달서구 달구벌대로 지하1280 (이곡동) 653-4",
    "위도": 35.8518236,
    "경도": 128.5063504,
    "지점번호": 143,
    "지점명": "대구",
    "노선": "대구도시철도 2호선"
  },
  {
    "역명": "이곡",
    "주소": "대구광역시 달서구 달구벌대로 지하1357",
    "위도": 35.8505766,
    "경도": 128.5164495,
    "지점번호": 143,
    "지점명": "대구",
    "노선": "대구도시철도 2호선"
  },
  {
    "역명": "용산(대구)",
    "주소": "대구광역시 달서구 달구벌대로 지하1476 (용산동 215-9)",
    "위도": 35.8489652596373,
    "경도": 128.528391512291,
    "지점번호": 143,
    "지점명": "대구",
    "노선": "대구도시철도 2호선"
  },
  {
    "역명": "죽전(대구)",
    "주소": "대구광역시 달서구 달구벌대로 지하1560 (감삼동 338)",
    "위도": 35.850543243757,
    "경도": 128.538390834452,
    "지점번호": 143,
    "지점명": "대구",
    "노선": "대구도시철도 2호선"
  },
  {
    "역명": "감삼",
    "주소": "대구광역시 달서구 달구벌대로 지하1665 (감삼동 305)",
    "위도": 35.8542352631467,
    "경도": 128.547903756877,
    "지점번호": 143,
    "지점명": "대구",
    "노선": "대구도시철도 2호선"
  },
  {
    "역명": "두류",
    "주소": "대구광역시 달서구 달구벌대로 지하1760 (두류동 1290-1)",
    "위도": 35.8575467229942,
    "경도": 128.556606998098,
    "지점번호": 143,
    "지점명": "대구",
    "노선": "대구도시철도 2호선"
  },
  {
    "역명": "내당",
    "주소": "대구광역시 서구 달구벌대로 지하1827 (내당동 1290)",
    "위도": 35.860177179062,
    "경도": 128.564742731082,
    "지점번호": 143,
    "지점명": "대구",
    "노선": "대구도시철도 2호선"
  },
  {
    "역명": "반고개",
    "주소": "대구광역시 달서구 달구벌대로 지하1900 (두류동 866-39)",
    "위도": 35.862198717425,
    "경도": 128.572554555685,
    "지점번호": 143,
    "지점명": "대구",
    "노선": "대구도시철도 2호선"
  },
  {
    "역명": "청라언덕",
    "주소": "대구광역시 중구 달구벌대로 지하 2000",
    "위도": 35.8650509,
    "경도": 128.5829114,
    "지점번호": 143,
    "지점명": "대구",
    "노선": "대구도시철도 2호선"
  },
  {
    "역명": "반월당",
    "주소": "대구광역시 중구 달구벌대로 지하2100 (덕산동 88)",
    "위도": 35.8644213158621,
    "경도": 128.593340834492,
    "지점번호": 143,
    "지점명": "대구",
    "노선": "대구도시철도 2호선"
  },
  {
    "역명": "경대병원",
    "주소": "대구광역시 중구 달구벌대로 지하2190 (삼덕동2가) 327",
    "위도": 35.8630781,
    "경도": 128.6033807,
    "지점번호": 143,
    "지점명": "대구",
    "노선": "대구도시철도 2호선"
  },
  {
    "역명": "대구은행",
    "주소": "대구광역시 수성구 달구벌대로 지하2300 (수성동4가) 1085-32",
    "위도": 35.8597689,
    "경도": 128.6141506,
    "지점번호": 143,
    "지점명": "대구",
    "노선": "대구도시철도 2호선"
  },
  {
    "역명": "범어",
    "주소": "대구광역시 수성구 달구벌대로 지하2396 (범어동)",
    "위도": 35.8590147461011,
    "경도": 128.624455329435,
    "지점번호": 143,
    "지점명": "대구",
    "노선": "대구도시철도 2호선"
  },
  {
    "역명": "수성구청",
    "주소": "대구광역시 수성구 달구벌대로 지하2500 (범어동)",
    "위도": 35.8587419533164,
    "경도": 128.635950299762,
    "지점번호": 143,
    "지점명": "대구",
    "노선": "대구도시철도 2호선"
  },
  {
    "역명": "만촌",
    "주소": "대구광역시 수성구 달구벌대로 지하2584 (만촌동 1320)",
    "위도": 35.8588019750307,
    "경도": 128.645371159227,
    "지점번호": 143,
    "지점명": "대구",
    "노선": "대구도시철도 2호선"
  },
  {
    "역명": "담티",
    "주소": "대구광역시 수성구 달구벌대로 지하2670 (만촌동) 860-3",
    "위도": 35.8547831,
    "경도": 128.6539744,
    "지점번호": 143,
    "지점명": "대구",
    "노선": "대구도시철도 2호선"
  },
  {
    "역명": "연호",
    "주소": "대구광역시 수성구 달구벌대로 지하2870 (연호동) 552",
    "위도": 35.8467554,
    "경도": 128.6713342,
    "지점번호": 143,
    "지점명": "대구",
    "노선": "대구도시철도 2호선"
  },
  {
    "역명": "수성알파시티",
    "주소": "대구광역시 수성구 달구벌대로 지하2950 (연호동 154-5)",
    "위도": 35.8426010823523,
    "경도": 128.679988489577,
    "지점번호": 143,
    "지점명": "대구",
    "노선": "대구도시철도 2호선"
  },
  {
    "역명": "고산",
    "주소": "대구광역시 수성구 달구벌대로 지하3080 (시지동) 250-1",
    "위도": 35.8429299,
    "경도": 128.6932913,
    "지점번호": 143,
    "지점명": "대구",
    "노선": "대구도시철도 2호선"
  },
  {
    "역명": "신매",
    "주소": "대구광역시 수성구 달구벌대로 지하3180 (신매동 815-5)",
    "위도": 35.8407207598684,
    "경도": 128.704365383725,
    "지점번호": 143,
    "지점명": "대구",
    "노선": "대구도시철도 2호선"
  },
  {
    "역명": "사월",
    "주소": "대구광역시 수성구 달구벌대로 지하3290 (신매동 10-1)",
    "위도": 35.8367659042144,
    "경도": 128.71536176521,
    "지점번호": 143,
    "지점명": "대구",
    "노선": "대구도시철도 2호선"
  },
  {
    "역명": "정평",
    "주소": "경상북도 경산시 대학로 지하60",
    "위도": 35.8340742,
    "경도": 128.728651,
    "지점번호": 143,
    "지점명": "대구",
    "노선": "대구도시철도 2호선"
  },
  {
    "역명": "임당",
    "주소": "경상북도 경산시 대학로 지하170",
    "위도": 35.8341195,
    "경도": 128.7410608,
    "지점번호": 143,
    "지점명": "대구",
    "노선": "대구도시철도 2호선"
  },
  {
    "역명": "영남대",
    "주소": "경상북도 경산시 대학로 지하270 (대동 201-1)",
    "위도": 35.8358301445178,
    "경도": 128.752144604348,
    "지점번호": 143,
    "지점명": "대구",
    "노선": "대구도시철도 2호선"
  },
  {
    "역명": "칠곡경대병원",
    "주소": "대구광역시 북구 팔거천동로 386 (동호동 209-1)",
    "위도": 35.9584367790745,
    "경도": 128.559883085982,
    "지점번호": 143,
    "지점명": "대구",
    "노선": "대구도시철도 3호선"
  },
  {
    "역명": "학정",
    "주소": "대구광역시 북구 팔거천동로 310 (학정동 752-3)",
    "위도": 35.9515881374554,
    "경도": 128.559190385855,
    "지점번호": 143,
    "지점명": "대구",
    "노선": "대구도시철도 3호선"
  },
  {
    "역명": "팔거",
    "주소": "대구광역시 북구 팔거천동로 226 (동천동 960)",
    "위도": 35.9440795417482,
    "경도": 128.558361857539,
    "지점번호": 143,
    "지점명": "대구",
    "노선": "대구도시철도 3호선"
  },
  {
    "역명": "동천(대구)",
    "주소": "대구광역시 북구 팔거천동로 147 (동천동 574)",
    "위도": 35.9377067068866,
    "경도": 128.556638741007,
    "지점번호": 143,
    "지점명": "대구",
    "노선": "대구도시철도 3호선"
  },
  {
    "역명": "칠곡운암",
    "주소": "대구광역시 북구 팔거천동로 79 (구암동 761-3)",
    "위도": 35.9314777013873,
    "경도": 128.554550656999,
    "지점번호": 143,
    "지점명": "대구",
    "노선": "대구도시철도 3호선"
  },
  {
    "역명": "구암(대구)",
    "주소": "대구광역시 북구 팔거천동로 1 (태전동 762-13)",
    "위도": 35.9256614163023,
    "경도": 128.55032570799,
    "지점번호": 143,
    "지점명": "대구",
    "노선": "대구도시철도 3호선"
  },
  {
    "역명": "태전",
    "주소": "대구광역시 북구 칠곡중앙대로 262 (태전동 887)",
    "위도": 35.9196710627982,
    "경도": 128.547393516476,
    "지점번호": 143,
    "지점명": "대구",
    "노선": "대구도시철도 3호선"
  },
  {
    "역명": "매천",
    "주소": "대구광역시 북구 학정로 6 (매천동 669)",
    "위도": 35.9127617245837,
    "경도": 128.543375715345,
    "지점번호": 143,
    "지점명": "대구",
    "노선": "대구도시철도 3호선"
  },
  {
    "역명": "매천시장",
    "주소": "대구광역시 북구 매천로18길 39 (매천동 618-99)",
    "위도": 35.9044306127524,
    "경도": 128.545780614929,
    "지점번호": 143,
    "지점명": "대구",
    "노선": "대구도시철도 3호선"
  },
  {
    "역명": "팔달",
    "주소": "대구광역시 북구 매천로2길 43 (팔달동 76-3)",
    "위도": 35.8978233001059,
    "경도": 128.546720225349,
    "지점번호": 143,
    "지점명": "대구",
    "노선": "대구도시철도 3호선"
  },
  {
    "역명": "공단(대구)",
    "주소": "대구광역시 서구 팔달로 28 (비산동 1705-2)",
    "위도": 35.8918075221925,
    "경도": 128.553658338665,
    "지점번호": 143,
    "지점명": "대구",
    "노선": "대구도시철도 3호선"
  },
  {
    "역명": "만평",
    "주소": "대구광역시 서구 팔달로 105 (비산동 1302-4)",
    "위도": 35.8898413887461,
    "경도": 128.561073121915,
    "지점번호": 143,
    "지점명": "대구",
    "노선": "대구도시철도 3호선"
  },
  {
    "역명": "팔달시장",
    "주소": "대구광역시 북구 팔달로 163-1 (노원동3가 784-1)",
    "위도": 35.8888395203414,
    "경도": 128.567891053718,
    "지점번호": 143,
    "지점명": "대구",
    "노선": "대구도시철도 3호선"
  },
  {
    "역명": "원대",
    "주소": "대구광역시 서구 팔달로 224-2 (원대동3가 1317-2)",
    "위도": 35.8877815857909,
    "경도": 128.574392089167,
    "지점번호": 143,
    "지점명": "대구",
    "노선": "대구도시철도 3호선"
  },
  {
    "역명": "북구청",
    "주소": "대구광역시 서구 원대로 71 (원대동2가)",
    "위도": 35.8839831049543,
    "경도": 128.581365449371,
    "지점번호": 143,
    "지점명": "대구",
    "노선": "대구도시철도 3호선"
  },
  {
    "역명": "달성공원",
    "주소": "대구광역시 중구 달성로 116 (수창동 104-13)",
    "위도": 35.8756494594572,
    "경도": 128.582080902791,
    "지점번호": 143,
    "지점명": "대구",
    "노선": "대구도시철도 3호선"
  },
  {
    "역명": "서문시장",
    "주소": "대구광역시 중구 달성로 50 (동산동 115-1)",
    "위도": 35.8697992183365,
    "경도": 128.58223914522,
    "지점번호": 143,
    "지점명": "대구",
    "노선": "대구도시철도 3호선"
  },
  {
    "역명": "청라언덕",
    "주소": "대구광역시 중구 달구벌대로 지하 2000",
    "위도": 35.8650509,
    "경도": 128.5829114,
    "지점번호": 143,
    "지점명": "대구",
    "노선": "대구도시철도 3호선"
  },
  {
    "역명": "남산(대구)",
    "주소": "대구광역시 중구 남산로 2 (남산동 2121-3)",
    "위도": 35.8566864460339,
    "경도": 128.583444429252,
    "지점번호": 143,
    "지점명": "대구",
    "노선": "대구도시철도 3호선"
  },
  {
    "역명": "명덕",
    "주소": "대구광역시 남구 명덕로 186 (대명동)",
    "위도": 35.8568886138782,
    "경도": 128.590358222643,
    "지점번호": 143,
    "지점명": "대구",
    "노선": "대구도시철도 3호선"
  },
  {
    "역명": "건들바위",
    "주소": "대구광역시 남구 명덕로 260 (이천동 160-8)",
    "위도": 35.8553538214208,
    "경도": 128.599632942782,
    "지점번호": 143,
    "지점명": "대구",
    "노선": "대구도시철도 3호선"
  },
  {
    "역명": "대봉교",
    "주소": "대구광역시 남구 명덕로 330 (이천동 214-684)",
    "위도": 35.8549371407655,
    "경도": 128.606196541565,
    "지점번호": 143,
    "지점명": "대구",
    "노선": "대구도시철도 3호선"
  },
  {
    "역명": "수성시장",
    "주소": "대구광역시 수성구 명덕로 420 (수성동2가 297)",
    "위도": 35.8542699562822,
    "경도": 128.616018084679,
    "지점번호": 143,
    "지점명": "대구",
    "노선": "대구도시철도 3호선"
  },
  {
    "역명": "수성구민운동장",
    "주소": "대구광역시 수성구 동대구로 248 (범어동 690)",
    "위도": 35.8524415317807,
    "경도": 128.625349732628,
    "지점번호": 143,
    "지점명": "대구",
    "노선": "대구도시철도 3호선"
  },
  {
    "역명": "어린이세상",
    "주소": "대구광역시 수성구 동대구로 166 (황금동 908)",
    "위도": 35.8450828543927,
    "경도": 128.624833412439,
    "지점번호": 143,
    "지점명": "대구",
    "노선": "대구도시철도 3호선"
  },
  {
    "역명": "황금",
    "주소": "대구광역시 수성구 동대구로 100 (두산동 968)",
    "위도": 35.8391870732417,
    "경도": 128.624297684882,
    "지점번호": 143,
    "지점명": "대구",
    "노선": "대구도시철도 3호선"
  },
  {
    "역명": "수성못",
    "주소": "대구광역시 수성구 동대구로 14 (지산동 1086)",
    "위도": 35.8314189008567,
    "경도": 128.623607482234,
    "지점번호": 143,
    "지점명": "대구",
    "노선": "대구도시철도 3호선"
  },
  {
    "역명": "지산(대구)",
    "주소": "대구광역시 수성구 지범로 100 (지산동 1257-3)",
    "위도": 35.8251734402843,
    "경도": 128.631935342217,
    "지점번호": 143,
    "지점명": "대구",
    "노선": "대구도시철도 3호선"
  },
  {
    "역명": "범물",
    "주소": "대구광역시 수성구 지범로 194 (범물동 1325)",
    "위도": 35.8208204890735,
    "경도": 128.640127908265,
    "지점번호": 143,
    "지점명": "대구",
    "노선": "대구도시철도 3호선"
  },
  {
    "역명": "용지",
    "주소": "대구광역시 수성구 범안로 83 (범물동 1287-2)",
    "위도": 35.8183813370558,
    "경도": 128.646877213182,
    "지점번호": 143,
    "지점명": "대구",
    "노선": "대구도시철도 3호선"
  },
  {
    "역명": "구미",
    "주소": "경상북도 구미시 구미중앙로 76 (원평동)",
    "위도": 36.1283301167004,
    "경도": 128.330939456358,
    "지점번호": 279,
    "지점명": "구미",
    "노선": "대구도시철도 대경선"
  },
  {
    "역명": "사곡",
    "주소": "경상북도 구미시 상사서로 173-16(사곡동)",
    "위도": 36.0987182040328,
    "경도": 128.356651456574,
    "지점번호": 279,
    "지점명": "구미",
    "노선": "대구도시철도 대경선"
  },
  {
    "역명": "왜관",
    "주소": "경상북도 칠곡군 왜관읍 중앙로8길 10 (왜관리)",
    "위도": 35.9918930703993,
    "경도": 128.40001139933,
    "지점번호": 279,
    "지점명": "구미",
    "노선": "대구도시철도 대경선"
  },
  {
    "역명": "서대구",
    "주소": "대구광역시 서구 와룡로 527 (이현동)",
    "위도": 35.8814797778455,
    "경도": 128.54017558255,
    "지점번호": 143,
    "지점명": "대구",
    "노선": "대구도시철도 대경선"
  },
  {
    "역명": "동대구",
    "주소": "대구광역시 동구 동대구로 지하530 (신천동)",
    "위도": 35.8774298682917,
    "경도": 128.62732526467,
    "지점번호": 143,
    "지점명": "대구",
    "노선": "대구도시철도 대경선"
  },
  {
    "역명": "경산",
    "주소": "경상북도 경산시 중앙로 1 (사정동)",
    "위도": 35.8193911083973,
    "경도": 128.727508240274,
    "지점번호": 143,
    "지점명": "대구",
    "노선": "대구도시철도 대경선"
  }
]