[
  {
    "역명": "반석",
    "주소": "대전광역시 유성구 북유성대로 지하303",
    "위도": 36.3920778538819,
    "경도": 127.314636598645,
    "지점번호": 133,
    "지점명": "대전",
    "노선": "대전도시철도 1호선"
  },
  {
    "역명": "지족",
    "주소": "대전광역시 유성구 노은로 273",
    "위도": 36.3840854826124,
    "경도": 127.319482085631,
    "지점번호": 133,
    "지점명": "대전",
    "노선": "대전도시철도 1호선"
  },
  {
    "역명": "노은",
    "주소": "대전광역시 유성구 노은로 지하161",
    "위도": 36.3741390647949,
    "경도": 127.317893538388,
    "지점번호": 133,
    "지점명": "대전",
    "노선": "대전도시철도 1호선"
  },
  {
    "역명": "월드컵경기장",
    "주소": "대전광역시 유성구 노은로 지하161",
    "위도": 36.3741390647949,
    "경도": 127.317893538388,
    "지점번호": 133,
    "지점명": "대전",
    "노선": "대전도시철도 1호선"
  },
  {
    "역명": "현충원",
    "주소": "대전광역시 유성구 현충원로 지하455",
    "위도": 36.3589851664449,
    "경도": 127.321973902899,
    "지점번호": 133,
    "지점명": "대전",
    "노선": "대전도시철도 1호선"
  },
  {
    "역명": "구암",
    "주소": "대전광역시 유성구 유성대로 703",
    "위도": 36.3566089504028,
    "경도": 127.330683935453,
    "지점번호": 133,
    "지점명": "대전",
    "노선": "대전도시철도 1호선"
  },
  {
    "역명": "유성온천",
    "주소": "대전광역시 유성구 유성대로 703",
    "위도": 36.3566089504028,
    "경도": 127.330683935453,
    "지점번호": 133,
    "지점명": "대전",
    "노선": "대전도시철도 1호선"
  },
  {
    "역명": "갑천",
    "주소": "대전광역시 서구 갑천도시고속도로 지하1833",
    "위도": 36.3542963887775,
    "경도": 127.354132376301,
    "지점번호": 133,
    "지점명": "대전",
    "노선": "대전도시철도 1호선"
  },
  {
    "역명": "월평",
    "주소": "대전광역시 서구 한밭대로 지하595",
    "위도": 36.3582466301,
    "경도": 127.364727103243,
    "지점번호": 133,
    "지점명": "대전",
    "노선": "대전도시철도 1호선"
  },
  {
    "역명": "갈마",
    "주소": "대전광역시 서구 한밭대로 지하666",
    "위도": 36.3577605091379,
    "경도": 127.372881907178,
    "지점번호": 133,
    "지점명": "대전",
    "노선": "대전도시철도 1호선"
  },
  {
    "역명": "정부청사",
    "주소": "대전광역시 서구 한밭대로 지하744",
    "위도": 36.3577204752574,
    "경도": 127.381312414555,
    "지점번호": 133,
    "지점명": "대전",
    "노선": "대전도시철도 1호선"
  },
  {
    "역명": "시청",
    "주소": "대전광역시 서구 둔산중로 지하55",
    "위도": 36.3514093986084,
    "경도": 127.386716082237,
    "지점번호": 133,
    "지점명": "대전",
    "노선": "대전도시철도 1호선"
  },
  {
    "역명": "탄방",
    "주소": "대전광역시 서구 문정로48번길 지하19",
    "위도": 36.3456888108369,
    "경도": 127.384543627267,
    "지점번호": 133,
    "지점명": "대전",
    "노선": "대전도시철도 1호선"
  },
  {
    "역명": "용문",
    "주소": "대전광역시 서구 계룡로 지하644 (용문동 262)",
    "위도": 36.3382714554586,
    "경도": 127.393280836116,
    "지점번호": 133,
    "지점명": "대전",
    "노선": "대전도시철도 1호선"
  },
  {
    "역명": "오룡",
    "주소": "대전광역시 중구 계룡로 지하793",
    "위도": 36.3286514378447,
    "경도": 127.404925597558,
    "지점번호": 133,
    "지점명": "대전",
    "노선": "대전도시철도 1호선"
  },
  {
    "역명": "서대전네거리",
    "주소": "대전광역시 중구 계룡로 지하889",
    "위도": 36.3224447702651,
    "경도": 127.412537710914,
    "지점번호": 133,
    "지점명": "대전",
    "노선": "대전도시철도 1호선"
  },
  {
    "역명": "중구청",
    "주소": "대전광역시 중구 중앙로 지하71",
    "위도": 36.3247830625339,
    "경도": 127.419526729219,
    "지점번호": 133,
    "지점명": "대전",
    "노선": "대전도시철도 1호선"
  },
  {
    "역명": "중앙로",
    "주소": "대전광역시 중구 중앙로 지하145",
    "위도": 36.3280376363476,
    "경도": 127.424130901778,
    "지점번호": 133,
    "지점명": "대전",
    "노선": "대전도시철도 1호선"
  },
  {
    "역명": "대전",
    "주소": "대전광역시 동구 중앙로 지하218 (정동 1-298)",
    "위도": 36.3313335000024,
    "경도": 127.433005290993,
    "지점번호": 133,
    "지점명": "대전",
    "노선": "대전도시철도 1호선"
  },
  {
    "역명": "대동",
    "주소": "대전광역시 동구 계족로 지하176",
    "위도": 36.3295450541282,
    "경도": 127.442884593398,
    "지점번호": 133,
    "지점명": "대전",
    "노선": "대전도시철도 1호선"
  },
  {
    "역명": "신흥",
    "주소": "대전광역시 동구 옥천로 지하70",
    "위도": 36.3195319065428,
    "경도": 127.448682209244,
    "지점번호": 133,
    "지점명": "대전",
    "노선": "대전도시철도 1호선"
  },
  {
    "역명": "판암",
    "주소": "대전광역시 동구 옥천로 지하162",
    "위도": 36.3169791703477,
    "경도": 127.458436255886,
    "지점번호": 133,
    "지점명": "대전",
    "노선": "대전도시철도 1호선"
  }
]