[
  {
    "역명": "평동",
    "주소": "광주광역시 광산구 평동로 913-99 (월전동 41-1)",
    "위도": 35.1247542,
    "경도": 126.769559,
    "지점번호": 156,
    "지점명": "광주",
    "노선": "광주도시철도 1호선"
  },
  {
    "역명": "도산",
    "주소": "광주광역시 광산구 상무대로 지하125-99 (도산동 1023-3)",
    "위도": 35.1313676979117,
    "경도": 126.787275810917,
    "지점번호": 156,
    "지점명": "광주",
    "노선": "광주도시철도 1호선"
  },
  {
    "역명": "광주송정",
    "주소": "광주광역시 광산구 상무대로 지하201-99 (송정동 1003-12)",
    "위도": 35.1379970845584,
    "경도": 126.791770452385,
    "지점번호": 156,
    "지점명": "광주",
    "노선": "광주도시철도 1호선"
  },
  {
    "역명": "송정공원",
    "주소": "광주광역시 광산구 상무대로 지하314-99 (송정동 713)",
    "위도": 35.1435543059706,
    "경도": 126.79961354351,
    "지점번호": 156,
    "지점명": "광주",
    "노선": "광주도시철도 1호선"
  },
  {
    "역명": "공항(광주)",
    "주소": "광주광역시 광산구 상무대로 지하416-99 (신촌동 682-29)",
    "위도": 35.1441185192697,
    "경도": 126.811208925522,
    "지점번호": 156,
    "지점명": "광주",
    "노선": "광주도시철도 1호선"
  },
  {
    "역명": "김대중컨벤션센터",
    "주소": "광주광역시 서구 상무대로 지하705 (마륵동 170-40)",
    "위도": 35.1431559404159,
    "경도": 126.841380236714,
    "지점번호": 156,
    "지점명": "광주",
    "노선": "광주도시철도 1호선"
  },
  {
    "역명": "상무",
    "주소": "광주광역시 서구 상무대로 지하777 (마륵동 162-3)",
    "위도": 35.1468091595549,
    "경도": 126.84878637737,
    "지점번호": 156,
    "지점명": "광주",
    "노선": "광주도시철도 1호선"
  },
  {
    "역명": "운천(광주)",
    "주소": "광주광역시 서구 상무대로 지하883 (쌍촌동 1006)",
    "위도": 35.150512363307,
    "경도": 126.858688790576,
    "지점번호": 156,
    "지점명": "광주",
    "노선": "광주도시철도 1호선"
  },
  {
    "역명": "쌍촌",
    "주소": "광주광역시 서구 상무대로 지하983 (내방동 843)",
    "위도": 35.151580188105,
    "경도": 126.869607537741,
    "지점번호": 156,
    "지점명": "광주",
    "노선": "광주도시철도 1호선"
  },
  {
    "역명": "화정(광주)",
    "주소": "광주광역시 서구 상무대로 1041",
    "위도": 35.1519671,
    "경도": 126.8767616,
    "지점번호": 156,
    "지점명": "광주",
    "노선": "광주도시철도 1호선"
  },
  {
    "역명": "농성",
    "주소": "광주광역시 서구 상무대로 지하1123 (농성동 481-32)",
    "위도": 35.1534714075901,
    "경도": 126.883858099256,
    "지점번호": 156,
    "지점명": "광주",
    "노선": "광주도시철도 1호선"
  },
  {
    "역명": "돌고개",
    "주소": "광주광역시 서구 경열로 87",
    "위도": 35.1518665,
    "경도": 126.8955334,
    "지점번호": 156,
    "지점명": "광주",
    "노선": "광주도시철도 1호선"
  },
  {
    "역명": "양동시장",
    "주소": "광주광역시 서구 경열로 지하152 (양동 304-3)",
    "위도": 35.1544153013549,
    "경도": 126.901446785988,
    "지점번호": 156,
    "지점명": "광주",
    "노선": "광주도시철도 1호선"
  },
  {
    "역명": "금남로5가",
    "주소": "광주광역시 북구 금남로 지하138 (북동 299)",
    "위도": 35.1542760525662,
    "경도": 126.909189455898,
    "지점번호": 156,
    "지점명": "광주",
    "노선": "광주도시철도 1호선"
  },
  {
    "역명": "금남로4가",
    "주소": "광주광역시 동구 금남로 지하210 (금남로4가 105)",
    "위도": 35.1506816640541,
    "경도": 126.914597280332,
    "지점번호": 156,
    "지점명": "광주",
    "노선": "광주도시철도 1호선"
  },
  {
    "역명": "문화전당",
    "주소": "광주광역시 동구 문화전당로26번길 지하7 (광산동 13)",
    "위도": 35.146440859318,
    "경도": 126.919889157722,
    "지점번호": 156,
    "지점명": "광주",
    "노선": "광주도시철도 1호선"
  },
  {
    "역명": "남광주",
    "주소": "광주광역시 동구 제봉로 지하1 (학동 904)",
    "위도": 35.1393359044738,
    "경도": 126.922994880556,
    "지점번호": 156,
    "지점명": "광주",
    "노선": "광주도시철도 1호선"
  },
  {
    "역명": "학동·증심사입구",
    "주소": "광주광역시 동구 남문로 지하700 (학동 1004-1)",
    "위도": 35.1326523838839,
    "경도": 126.928428390919,
    "지점번호": 156,
    "지점명": "광주",
    "노선": "광주도시철도 1호선"
  },
  {
    "역명": "소태",
    "주소": "광주광역시 동구 남문로 지하587 (소태동 664-1)",
    "위도": 35.1233909173504,
    "경도": 126.932442376156,
    "지점번호": 156,
    "지점명": "광주",
    "노선": "광주도시철도 1호선"
  },
  {
    "역명": "녹동",
    "주소": "광주광역시 동구 녹동길 45 (월남동 222-5)",
    "위도": 35.1068077090172,
    "경도": 126.933979161621,
    "지점번호": 156,
    "지점명": "광주",
    "노선": "광주도시철도 1호선"
  }
]